wavelength_nm,intensity
380.0,0.001242
380.106702,0.0
380.213404,0.001619
380.320107,0.003807
380.426809,0.0
380.533511,0.0
380.640213,0.003948
380.746916,0.001918
380.853618,0.0
380.96032,0.001356
381.067022,0.0
381.173725,0.0
381.280427,0.000605
381.387129,0.0
381.493831,0.0
381.600534,0.0
381.707236,0.0
381.813938,0.000786
381.92064,0.0
382.027342,0.0
382.134045,0.003664
382.240747,0.0
382.347449,0.000169
382.454151,0.0
382.560854,0.0
382.667556,0.000277
382.774258,0.0
382.88096,0.000939
382.987663,0.0
383.094365,0.0
383.201067,0.0
383.307769,0.00463
383.414471,0.0
383.521174,0.0
383.627876,0.002056
383.734578,0.0
383.84128,0.000522
383.947983,0.0
384.054685,0.0
384.161387,0.000492
384.268089,0.001846
384.374792,0.000428
384.481494,0.0
384.588196,0.0
384.694898,0.0
384.801601,0.0
384.908303,0.0
385.015005,0.002643
385.121707,0.000859
385.228409,0.0
385.335112,0.00081
385.441814,0.0
385.548516,0.0
385.655218,0.001529
385.761921,0.002577
385.868623,0.002328
385.975325,0.0
386.082027,0.0
386.18873,0.000828
386.295432,0.002439
386.402134,0.0
386.508836,0.0
386.615539,0.0
386.722241,0.0
386.828943,0.002031
386.935645,0.00339
387.042347,0.0
387.14905,0.002509
387.255752,0.000904
387.362454,0.0
387.469156,0.000903
387.575859,0.003845
387.682561,0.0
387.789263,0.003911
387.895965,0.0
388.002668,0.002055
388.10937,0.000218
388.216072,0.0
388.322774,0.000229
388.429476,0.0
388.536179,0.0
388.642881,0.000893
388.749583,0.003694
388.856285,0.0
388.962988,0.0
389.06969,0.0
389.176392,0.002288
389.283094,0.000822
389.389797,0.0
389.496499,0.001283
389.603201,0.000243
389.709903,0.002421
389.816606,0.0
389.923308,0.0
390.03001,0.0
390.136712,0.0
390.243414,0.00074
390.350117,0.000653
390.456819,1.3e-05
390.563521,0.0
390.670223,0.0
390.776926,0.0
390.883628,0.0
390.99033,0.0
391.097032,0.0
391.203735,0.00101
391.310437,0.004715
391.417139,0.000436
391.523841,0.000644
391.630544,0.0
391.737246,0.0
391.843948,0.0
391.95065,0.000151
392.057352,0.006158
392.164055,0.0
392.270757,0.000754
392.377459,0.0
392.484161,0.0
392.590864,0.002857
392.697566,0.00188
392.804268,0.001977
392.91097,0.0
393.017673,0.003507
393.124375,0.0
393.231077,0.001467
393.337779,0.005476
393.444481,0.0
393.551184,0.0
393.657886,0.000249
393.764588,0.0
393.87129,0.0
393.977993,0.000171
394.084695,0.0
394.191397,0.001184
394.298099,0.0
394.404802,0.003875
394.511504,0.0
394.618206,0.0
394.724908,0.002034
394.831611,0.0
394.938313,0.000569
395.045015,0.003268
395.151717,0.0
395.258419,0.000462
395.365122,0.00065
395.471824,0.001954
395.578526,0.0
395.685228,0.0
395.791931,0.001305
395.898633,0.000742
396.005335,0.000626
396.112037,0.000866
396.21874,0.0
396.325442,0.000581
396.432144,0.000733
396.538846,0.0
396.645549,0.004664
396.752251,0.001184
396.858953,0.0
396.965655,0.001641
397.072357,0.0
397.17906,0.001968
397.285762,0.002896
397.392464,0.0
397.499166,0.002408
397.605869,0.001032
397.712571,0.002055
397.819273,0.004742
397.925975,0.0
398.032678,0.0
398.13938,0.0
398.246082,0.0
398.352784,0.0
398.459486,0.000853
398.566189,0.000692
398.672891,0.002068
398.779593,3.3e-05
398.886295,0.003634
398.992998,0.0
399.0997,0.0068
399.206402,0.001564
399.313104,0.0
399.419807,0.0
399.526509,0.001206
399.633211,0.0
399.739913,0.001785
399.846616,0.001183
399.953318,0.0
400.06002,0.0
400.166722,0.0
400.273424,0.0
400.380127,0.002141
400.486829,0.000535
400.593531,0.0
400.700233,0.000433
400.806936,0.000963
400.913638,0.0
401.02034,0.000384
401.127042,0.000146
401.233745,0.0
401.340447,0.000894
401.447149,0.001402
401.553851,0.002707
401.660554,0.002634
401.767256,0.0
401.873958,0.0
401.98066,0.001287
402.087362,0.001284
402.194065,0.001288
402.300767,0.009631
402.407469,0.001427
402.514171,0.002839
402.620874,0.002385
402.727576,0.001628
402.834278,0.0
402.94098,0.001897
403.047683,0.0
403.154385,0.0
403.261087,0.0
403.367789,0.000205
403.474491,0.005786
403.581194,0.0
403.687896,0.001716
403.794598,0.0
403.9013,0.0
404.008003,0.002722
404.114705,0.000161
404.221407,0.0
404.328109,0.0
404.434812,0.001699
404.541514,0.0
404.648216,0.000541
404.754918,0.000114
404.861621,0.0
404.968323,0.005359
405.075025,0.001585
405.181727,0.0
405.288429,0.000466
405.395132,0.0
405.501834,0.002131
405.608536,0.0
405.715238,0.0
405.821941,0.001262
405.928643,0.002164
406.035345,0.0
406.142047,0.0
406.24875,0.0
406.355452,0.0
406.462154,0.004413
406.568856,0.001012
406.675559,0.0
406.782261,0.002294
406.888963,0.005305
406.995665,0.002581
407.102367,0.0
407.20907,0.0
407.315772,0.003167
407.422474,0.0
407.529176,0.001109
407.635879,0.001936
407.742581,0.0
407.849283,0.0
407.955985,0.0
408.062688,0.0
408.16939,0.0
408.276092,0.0
408.382794,0.004081
408.489496,0.0
408.596199,0.0
408.702901,0.000328
408.809603,0.003606
408.916305,0.0
409.023008,0.002944
409.12971,0.000139
409.236412,0.0
409.343114,0.001954
409.449817,0.002329
409.556519,0.002303
409.663221,0.00733
409.769923,0.011235
409.876626,0.019124
409.983328,0.028021
410.09003,0.037397
410.196732,0.035315
410.303434,0.045315
410.410137,0.032831
410.516839,0.031847
410.623541,0.026424
410.730243,0.018209
410.836946,0.009571
410.943648,0.005889
411.05035,0.002112
411.157052,0.000108
411.263755,0.002801
411.370457,0.001155
411.477159,0.0
411.583861,0.002278
411.690564,0.000777
411.797266,0.002034
411.903968,0.001574
412.01067,0.0
412.117372,0.0
412.224075,0.001868
412.330777,0.001526
412.437479,0.0
412.544181,0.000293
412.650884,0.003194
412.757586,0.0
412.864288,0.001368
412.97099,0.0
413.077693,0.0
413.184395,0.002747
413.291097,0.002063
413.397799,0.002034
413.504502,0.003263
413.611204,5.3e-05
413.717906,0.001705
413.824608,0.0
413.93131,0.00081
414.038013,0.0
414.144715,0.000242
414.251417,0.001488
414.358119,0.0
414.464822,0.005231
414.571524,0.0
414.678226,0.0
414.784928,0.002895
414.891631,0.001979
414.998333,0.00156
415.105035,0.001571
415.211737,0.0
415.318439,0.0
415.425142,0.000189
415.531844,0.0
415.638546,0.002438
415.745248,0.0
415.851951,0.0
415.958653,0.0
416.065355,0.001032
416.172057,0.0
416.27876,0.0
416.385462,0.000609
416.492164,0.000612
416.598866,0.0
416.705569,0.0
416.812271,0.00058
416.918973,0.0
417.025675,0.0
417.132377,0.0
417.23908,0.0
417.345782,0.000777
417.452484,0.003688
417.559186,0.002144
417.665889,0.0
417.772591,0.0
417.879293,0.0
417.985995,0.0
418.092698,0.0
418.1994,0.000807
418.306102,0.0
418.412804,0.001298
418.519507,0.003832
418.626209,0.0
418.732911,0.001004
418.839613,0.001725
418.946315,0.0
419.053018,0.00056
419.15972,3.1e-05
419.266422,0.000244
419.373124,0.0
419.479827,6.1e-05
419.586529,0.001245
419.693231,0.003628
419.799933,0.002398
419.906636,0.005383
420.013338,0.0
420.12004,0.002181
420.226742,0.000458
420.333444,0.005474
420.440147,0.0
420.546849,0.0
420.653551,0.0
420.760253,0.0
420.866956,0.0
420.973658,0.0
421.08036,0.000376
421.187062,0.000854
421.293765,0.00469
421.400467,0.002376
421.507169,0.0
421.613871,0.0
421.720574,0.00123
421.827276,0.0
421.933978,0.004578
422.04068,0.002948
422.147382,0.0
422.254085,0.0
422.360787,0.003384
422.467489,0.0
422.574191,0.003094
422.680894,0.0
422.787596,0.0
422.894298,1.3e-05
423.001,0.000117
423.107703,0.0
423.214405,0.001557
423.321107,0.0
423.427809,0.0
423.534512,0.000301
423.641214,0.001286
423.747916,0.001779
423.854618,0.0
423.96132,0.0
424.068023,0.003194
424.174725,0.000831
424.281427,0.0
424.388129,0.003878
424.494832,0.000289
424.601534,0.002948
424.708236,0.000169
424.814938,0.005151
424.921641,0.004388
425.028343,0.0
425.135045,0.002429
425.241747,0.001613
425.348449,0.003421
425.455152,0.0
425.561854,0.001715
425.668556,0.002646
425.775258,0.0
425.881961,0.0
425.988663,0.0
426.095365,0.0
426.202067,0.001794
426.30877,0.003756
426.415472,0.000185
426.522174,0.004071
426.628876,0.0
426.735579,0.0
426.842281,0.0
426.948983,0.00096
427.055685,0.0
427.162387,0.0
427.26909,0.0
427.375792,0.0
427.482494,0.001674
427.589196,0.000916
427.695899,0.0
427.802601,0.0
427.909303,0.0
428.016005,0.0
428.122708,0.002388
428.22941,0.0
428.336112,0.00126
428.442814,0.0
428.549517,0.0
428.656219,0.0
428.762921,0.0
428.869623,0.0
428.976325,0.0
429.083028,0.004911
429.18973,8.8e-05
429.296432,0.0
429.403134,0.000535
429.509837,0.0
429.616539,0.0
429.723241,0.001535
429.829943,0.001894
429.936646,0.0
430.043348,0.0
430.15005,0.0
430.256752,0.0
430.363454,0.0
430.470157,0.003417
430.576859,0.004112
430.683561,0.0
430.790263,0.001441
430.896966,0.000778
431.003668,0.007697
431.11037,0.002799
431.217072,0.0
431.323775,0.0
431.430477,0.0
431.537179,0.000509
431.643881,0.0
431.750584,0.0
431.857286,0.0
431.963988,0.0
432.07069,0.004218
432.177392,0.002204
432.284095,0.0
432.390797,0.0037
432.497499,0.000194
432.604201,0.0
432.710904,0.003813
432.817606,0.001369
432.924308,0.0
433.03101,0.0
433.137713,0.0
433.244415,0.0
433.351117,0.005664
433.457819,0.011589
433.564522,0.009071
433.671224,0.022403
433.777926,0.030156
433.884628,0.042374
433.99133,0.052691
434.098033,0.058836
434.204735,0.06235
434.311437,0.055445
434.418139,0.048853
434.524842,0.036434
434.631544,0.02454
434.738246,0.013392
434.844948,0.007398
434.951651,0.006409
435.058353,0.003347
435.165055,0.0
435.271757,0.000583
435.378459,0.001994
435.485162,0.0
435.591864,0.001368
435.698566,0.0
435.805268,0.001427
435.911971,0.0
436.018673,0.0
436.125375,0.0
436.232077,0.00012
436.33878,0.000649
436.445482,0.0
436.552184,0.001596
436.658886,0.0
436.765589,0.0
436.872291,0.0
436.978993,0.0
437.085695,0.000118
437.192397,0.0
437.2991,0.0
437.405802,0.002516
437.512504,0.0
437.619206,0.002089
437.725909,0.0
437.832611,0.001324
437.939313,0.003604
438.046015,0.0
438.152718,0.0
438.25942,0.001443
438.366122,0.0
438.472824,0.000928
438.579527,0.0
438.686229,0.000216
438.792931,0.0
438.899633,0.002919
439.006335,0.000636
439.113038,0.000844
439.21974,0.0
439.326442,0.0
439.433144,0.0
439.539847,0.000986
439.646549,0.0
439.753251,0.000724
439.859953,0.005188
439.966656,0.002178
440.073358,0.0
440.18006,0.003003
440.286762,0.0
440.393464,0.0
440.500167,0.0
440.606869,0.0
440.713571,0.0
440.820273,4.6e-05
440.926976,0.004191
441.033678,0.000817
441.14038,0.0
441.247082,0.002073
441.353785,0.0
441.460487,0.000589
441.567189,0.001927
441.673891,0.0
441.780594,0.002859
441.887296,0.000846
441.993998,0.0
442.1007,0.001582
442.207402,0.005676
442.314105,0.000455
442.420807,0.000621
442.527509,0.0
442.634211,0.0
442.740914,0.002076
442.847616,0.0
442.954318,0.000179
443.06102,0.0
443.167723,0.001197
443.274425,0.000834
443.381127,0.002594
443.487829,0.0
443.594532,0.0
443.701234,0.0
443.807936,0.0
443.914638,0.000943
444.02134,0.001892
444.128043,0.0
444.234745,0.002174
444.341447,0.003389
444.448149,0.001034
444.554852,0.004692
444.661554,0.0
444.768256,0.0
444.874958,0.0
444.981661,0.00374
445.088363,0.001636
445.195065,0.0
445.301767,0.0007
445.408469,0.0
445.515172,0.006114
445.621874,0.000323
445.728576,0.000273
445.835278,0.001814
445.941981,0.001202
446.048683,0.00056
446.155385,0.0
446.262087,0.001179
446.36879,0.004705
446.475492,0.003363
446.582194,0.003983
446.688896,0.0
446.795599,0.0
446.902301,0.0
447.009003,0.000139
447.115705,0.002735
447.222407,0.0
447.32911,0.003824
447.435812,0.0
447.542514,0.0
447.649216,0.0
447.755919,0.0
447.862621,0.002058
447.969323,0.000183
448.076025,0.0
448.182728,0.0
448.28943,0.0
448.396132,0.004172
448.502834,0.0
448.609537,0.0
448.716239,0.0
448.822941,0.0
448.929643,0.0
449.036345,0.0
449.143048,0.0
449.24975,0.00174
449.356452,0.004622
449.463154,0.002816
449.569857,0.0
449.676559,0.0
449.783261,0.006433
449.889963,0.000148
449.996666,3.5e-05
450.103368,0.0
450.21007,0.000495
450.316772,0.0
450.423474,0.0
450.530177,0.0
450.636879,0.0
450.743581,0.0
450.850283,0.0
450.956986,0.000266
451.063688,0.0
451.17039,0.00376
451.277092,0.0
451.383795,0.002729
451.490497,0.003115
451.597199,0.0
451.703901,0.0
451.810604,0.0
451.917306,0.0
452.024008,0.0
452.13071,0.0
452.237412,0.00438
452.344115,0.002339
452.450817,0.003179
452.557519,0.001804
452.664221,0.0
452.770924,0.0
452.877626,0.001223
452.984328,0.0
453.09103,0.001782
453.197733,0.0
453.304435,0.0
453.411137,0.001777
453.517839,0.001111
453.624542,0.0
453.731244,0.002898
453.837946,0.0
453.944648,0.00154
454.05135,0.001483
454.158053,0.0
454.264755,0.000815
454.371457,0.0
454.478159,0.00231
454.584862,0.0
454.691564,0.0
454.798266,0.002622
454.904968,0.0
455.011671,0.0
455.118373,0.0
455.225075,0.001515
455.331777,0.0
455.438479,0.004387
455.545182,0.0
455.651884,0.004241
455.758586,0.000528
455.865288,0.0
455.971991,0.0
456.078693,0.000998
456.185395,0.0
456.292097,0.002758
456.3988,0.000286
456.505502,0.000376
456.612204,0.0
456.718906,0.0
456.825609,0.000769
456.932311,0.0
457.039013,0.0
457.145715,0.001858
457.252417,0.000427
457.35912,0.0
457.465822,4.6e-05
457.572524,0.000869
457.679226,0.0
457.785929,0.0
457.892631,0.00049
457.999333,0.0
458.106035,0.001021
458.212738,0.0
458.31944,0.002573
458.426142,0.001181
458.532844,0.00064
458.639547,0.002457
458.746249,0.004163
458.852951,0.002536
458.959653,0.0
459.066355,0.0
459.173058,0.0
459.27976,6.5e-05
459.386462,0.001294
459.493164,0.0
459.599867,0.000467
459.706569,0.0
459.813271,0.0
459.919973,0.0
460.026676,0.0
460.133378,0.0
460.24008,0.0
460.346782,0.002634
460.453484,0.0
460.560187,0.00658
460.666889,0.001233
460.773591,0.000462
460.880293,0.0
460.986996,0.001751
461.093698,0.0
461.2004,0.000305
461.307102,0.0064
461.413805,0.0
461.520507,0.002873
461.627209,0.0
461.733911,0.0
461.840614,0.004427
461.947316,0.0
462.054018,0.004531
462.16072,0.001769
462.267422,0.0
462.374125,0.001581
462.480827,0.002431
462.587529,0.001554
462.694231,0.0
462.800934,0.0
462.907636,0.0
463.014338,0.0
463.12104,0.001552
463.227743,0.000444
463.334445,0.0
463.441147,0.00095
463.547849,0.001526
463.654552,0.001399
463.761254,0.002702
463.867956,0.002085
463.974658,0.001148
464.08136,0.0
464.188063,0.0
464.294765,0.001074
464.401467,0.000519
464.508169,0.000679
464.614872,0.0
464.721574,0.0
464.828276,0.002633
464.934978,0.0
465.041681,0.001704
465.148383,7.1e-05
465.255085,7.4e-05
465.361787,0.002346
465.468489,0.0
465.575192,0.00024
465.681894,0.0
465.788596,0.0
465.895298,0.0
466.002001,0.000555
466.108703,0.0
466.215405,0.003139
466.322107,0.0
466.42881,0.0
466.535512,0.0
466.642214,0.003617
466.748916,0.000491
466.855619,0.002579
466.962321,0.0
467.069023,0.000668
467.175725,0.002224
467.282427,0.000206
467.38913,0.002664
467.495832,0.0
467.602534,0.003523
467.709236,0.005747
467.815939,0.0
467.922641,0.0
468.029343,0.003633
468.136045,0.003949
468.242748,0.0
468.34945,0.0
468.456152,0.0
468.562854,0.0
468.669557,0.0
468.776259,0.0
468.882961,0.0
468.989663,0.0
469.096365,0.000585
469.203068,0.003876
469.30977,0.0
469.416472,0.002461
469.523174,0.0
469.629877,0.0
469.736579,0.001687
469.843281,0.0
469.949983,0.000956
470.056686,0.000416
470.163388,0.001231
470.27009,0.000723
470.376792,0.006138
470.483494,0.0
470.590197,0.0
470.696899,0.0
470.803601,0.0
470.910303,0.0
471.017006,0.002972
471.123708,0.003551
471.23041,0.0
471.337112,0.0
471.443815,0.001178
471.550517,0.0
471.657219,0.001582
471.763921,0.000507
471.870624,0.0
471.977326,0.003868
472.084028,0.004489
472.19073,0.0
472.297432,0.0
472.404135,0.000715
472.510837,0.000836
472.617539,0.001646
472.724241,0.005025
472.830944,0.0
472.937646,0.0
473.044348,0.0
473.15105,0.0
473.257753,0.0
473.364455,0.004486
473.471157,0.0
473.577859,0.000559
473.684562,0.0
473.791264,0.002971
473.897966,0.006317
474.004668,0.0
474.11137,0.0
474.218073,0.00261
474.324775,0.001705
474.431477,0.004616
474.538179,0.00146
474.644882,0.0
474.751584,0.001477
474.858286,0.002772
474.964988,0.002051
475.071691,0.001268
475.178393,0.002666
475.285095,0.002923
475.391797,0.003455
475.498499,0.001622
475.605202,0.0
475.711904,0.000367
475.818606,0.003016
475.925308,0.0
476.032011,0.000922
476.138713,0.0
476.245415,7.2e-05
476.352117,0.003196
476.45882,0.000478
476.565522,0.000116
476.672224,0.0
476.778926,0.001865
476.885629,0.001614
476.992331,0.005408
477.099033,0.0
477.205735,0.000548
477.312437,0.000623
477.41914,0.003943
477.525842,0.0
477.632544,0.000698
477.739246,0.00152
477.845949,0.000466
477.952651,0.0
478.059353,0.000485
478.166055,0.002684
478.272758,0.0
478.37946,0.000332
478.486162,0.0
478.592864,0.002987
478.699567,0.0
478.806269,0.0
478.912971,0.000943
479.019673,0.003914
479.126375,0.0
479.233078,0.0
479.33978,0.004703
479.446482,0.0
479.553184,0.0
479.659887,0.0011
479.766589,0.0
479.873291,0.0
479.979993,0.001771
480.086696,0.000609
480.193398,0.0
480.3001,0.0
480.406802,0.002181
480.513505,0.001625
480.620207,0.0
480.726909,0.004616
480.833611,0.0
480.940313,0.0
481.047016,0.0
481.153718,0.0
481.26042,0.000608
481.367122,0.0
481.473825,0.00088
481.580527,0.0
481.687229,0.003609
481.793931,0.0
481.900634,0.002793
482.007336,0.000857
482.114038,0.001142
482.22074,0.001424
482.327442,0.001119
482.434145,0.001607
482.540847,0.003323
482.647549,0.000491
482.754251,0.001772
482.860954,0.0
482.967656,0.0036
483.074358,0.0
483.18106,0.004502
483.287763,0.0
483.394465,0.0
483.501167,0.00032
483.607869,0.0
483.714572,0.002101
483.821274,0.0
483.927976,0.0
484.034678,0.0
484.14138,0.0
484.248083,0.0
484.354785,0.0
484.461487,0.001901
484.568189,0.001965
484.674892,0.001065
484.781594,0.0
484.888296,0.0
484.994998,8.4e-05
485.101701,0.0
485.208403,0.004572
485.315105,0.004266
485.421807,0.004235
485.52851,0.010084
485.635212,0.019512
485.741914,0.027519
485.848616,0.050158
485.955318,0.0699
486.062021,0.088989
486.168723,0.10522
486.275425,0.115604
486.382127,0.107204
486.48883,0.089511
486.595532,0.072387
486.702234,0.053661
486.808936,0.034443
486.915639,0.018798
487.022341,0.008189
487.129043,0.006418
487.235745,0.003001
487.342447,0.003027
487.44915,0.001867
487.555852,0.002713
487.662554,0.0
487.769256,0.0033
487.875959,0.000496
487.982661,0.005188
488.089363,0.0
488.196065,0.00434
488.302768,0.000495
488.40947,0.0
488.516172,0.0
488.622874,0.0
488.729577,0.00106
488.836279,0.001307
488.942981,0.0
489.049683,0.0
489.156385,0.005355
489.263088,0.004319
489.36979,0.001091
489.476492,9.5e-05
489.583194,0.0003
489.689897,0.001534
489.796599,0.0
489.903301,0.0
490.010003,0.0
490.116706,0.000998
490.223408,0.001618
490.33011,0.0
490.436812,0.003935
490.543515,0.0
490.650217,0.0
490.756919,0.000561
490.863621,0.002618
490.970323,0.00421
491.077026,0.0
491.183728,0.002697
491.29043,0.0
491.397132,0.0
491.503835,0.002209
491.610537,0.001631
491.717239,0.0
491.823941,0.003691
491.930644,0.00345
492.037346,0.0
492.144048,0.000989
492.25075,0.001235
492.357452,0.000652
492.464155,0.0
492.570857,0.0
492.677559,0.0
492.784261,0.002932
492.890964,0.001359
492.997666,0.0
493.104368,0.001929
493.21107,0.0
493.317773,0.002872
493.424475,0.0
493.531177,0.0
493.637879,0.0
493.744582,0.0
493.851284,0.002902
493.957986,0.0
494.064688,0.000866
494.17139,0.0
494.278093,0.001193
494.384795,0.000192
494.491497,0.0
494.598199,0.00249
494.704902,0.0
494.811604,0.0
494.918306,0.0
495.025008,0.003752
495.131711,0.002125
495.238413,0.0
495.345115,0.0
495.451817,0.0
495.55852,0.005191
495.665222,0.000955
495.771924,0.001075
495.878626,0.002576
495.985328,0.000597
496.092031,0.0
496.198733,0.0
496.305435,0.0
496.412137,0.0
496.51884,0.001819
496.625542,0.00013
496.732244,0.001831
496.838946,0.0
496.945649,0.000197
497.052351,0.0
497.159053,0.002291
497.265755,0.000866
497.372457,0.002495
497.47916,0.0
497.585862,0.005221
497.692564,0.0
497.799266,0.00277
497.905969,0.0
498.012671,0.001532
498.119373,0.0
498.226075,0.0
498.332778,0.004785
498.43948,0.0
498.546182,0.000544
498.652884,0.002175
498.759587,0.001239
498.866289,0.000376
498.972991,0.000912
499.079693,0.006008
499.186395,0.0
499.293098,0.000503
499.3998,0.002626
499.506502,0.002764
499.613204,0.002967
499.719907,0.001597
499.826609,0.0
499.933311,0.004083
500.040013,0.0
500.146716,0.000757
500.253418,0.0
500.36012,0.0
500.466822,0.000822
500.573525,0.000803
500.680227,0.001055
500.786929,0.004034
500.893631,0.001134
501.000333,0.0
501.107036,0.00241
501.213738,0.002973
501.32044,0.0
501.427142,0.001493
501.533845,0.001753
501.640547,0.0
501.747249,0.003439
501.853951,0.0
501.960654,0.000314
502.067356,0.0
502.174058,3.9e-05
502.28076,0.0
502.387462,0.0
502.494165,0.003986
502.600867,0.0
502.707569,0.0
502.814271,0.0
502.920974,0.0
503.027676,0.0
503.134378,0.004105
503.24108,0.002524
503.347783,0.0
503.454485,0.005631
503.561187,0.002454
503.667889,0.0
503.774592,0.0
503.881294,0.005727
503.987996,0.0
504.094698,0.0
504.2014,0.002556
504.308103,0.006099
504.414805,0.00346
504.521507,0.00141
504.628209,0.001487
504.734912,0.002133
504.841614,0.001897
504.948316,0.000703
505.055018,0.00026
505.161721,0.0
505.268423,0.0
505.375125,0.0
505.481827,0.0
505.58853,0.0
505.695232,0.0
505.801934,0.0
505.908636,0.00045
506.015338,0.00348
506.122041,0.002296
506.228743,0.0
506.335445,0.0
506.442147,0.002352
506.54885,0.0
506.655552,0.0
506.762254,0.001375
506.868956,0.0
506.975659,0.000263
507.082361,0.0
507.189063,0.0
507.295765,0.000799
507.402467,0.0
507.50917,0.001101
507.615872,0.0
507.722574,0.001381
507.829276,0.00056
507.935979,0.00341
508.042681,0.000313
508.149383,0.0
508.256085,0.000306
508.362788,0.001358
508.46949,0.000122
508.576192,0.000101
508.682894,0.0
508.789597,0.0
508.896299,0.0
509.003001,0.004374
509.109703,0.0
509.216405,0.0
509.323108,0.0
509.42981,0.002237
509.536512,0.0
509.643214,0.003119
509.749917,0.0
509.856619,0.000697
509.963321,0.0
510.070023,0.005362
510.176726,0.0
510.283428,0.000774
510.39013,0.001584
510.496832,0.001034
510.603535,0.0
510.710237,0.0
510.816939,0.00011
510.923641,0.0
511.030343,0.00241
511.137046,0.005526
511.243748,0.0
511.35045,0.0
511.457152,0.0
511.563855,0.006449
511.670557,0.0
511.777259,0.004097
511.883961,0.004194
511.990664,0.0
512.097366,0.001422
512.204068,0.004071
512.31077,0.0
512.417472,0.0
512.524175,0.0
512.630877,0.0
512.737579,0.0
512.844281,0.0
512.950984,8.5e-05
513.057686,0.0
513.164388,0.000584
513.27109,0.0
513.377793,0.000827
513.484495,0.002084
513.591197,0.0
513.697899,0.000935
513.804602,0.003069
513.911304,0.0
514.018006,0.004181
514.124708,0.001047
514.23141,0.0
514.338113,0.0
514.444815,0.001396
514.551517,0.00019
514.658219,0.001347
514.764922,0.0
514.871624,0.000423
514.978326,0.0
515.085028,0.0
515.191731,0.0
515.298433,0.0
515.405135,0.00309
515.511837,0.002728
515.61854,0.001523
515.725242,0.0
515.831944,0.0
515.938646,0.003033
516.045348,0.000354
516.152051,0.005798
516.258753,0.000983
516.365455,0.00048
516.472157,0.0
516.57886,0.000334
516.685562,0.0
516.792264,0.00177
516.898966,0.002392
517.005669,0.0
517.112371,0.0
517.219073,0.0
517.325775,0.00127
517.432477,0.0
517.53918,0.0
517.645882,0.000971
517.752584,0.006232
517.859286,0.0
517.965989,0.002096
518.072691,0.000205
518.179393,0.0
518.286095,0.002298
518.392798,0.0
518.4995,0.000668
518.606202,0.000804
518.712904,0.0
518.819607,0.00248
518.926309,0.0
519.033011,0.0
519.139713,0.001341
519.246415,0.0
519.353118,7e-05
519.45982,0.0
519.566522,0.002715
519.673224,0.001187
519.779927,0.0
519.886629,0.002044
519.993331,0.003475
520.100033,0.001394
520.206736,2.6e-05
520.313438,0.0
520.42014,0.0
520.526842,0.0
520.633545,0.0
520.740247,0.0
520.846949,0.000142
520.953651,0.001324
521.060353,0.0
521.167056,0.001216
521.273758,0.000161
521.38046,0.0
521.487162,0.0
521.593865,0.0
521.700567,0.0
521.807269,0.0015
521.913971,0.003827
522.020674,0.003047
522.127376,0.0
522.234078,0.003727
522.34078,0.000372
522.447482,0.0
522.554185,0.0
522.660887,0.0
522.767589,0.0
522.874291,0.000426
522.980994,0.000401
523.087696,8e-06
523.194398,0.001092
523.3011,0.002976
523.407803,0.002374
523.514505,0.0
523.621207,0.0
523.727909,0.002336
523.834612,0.0
523.941314,0.0
524.048016,0.0
524.154718,0.0
524.26142,0.001354
524.368123,0.001898
524.474825,0.0
524.581527,0.0
524.688229,0.0
524.794932,0.000979
524.901634,0.0
525.008336,0.000458
525.115038,0.0
525.221741,0.001448
525.328443,0.000299
525.435145,0.0
525.541847,0.002991
525.64855,0.0
525.755252,0.0
525.861954,0.0
525.968656,0.0
526.075358,0.0
526.182061,0.0
526.288763,0.004279
526.395465,0.0
526.502167,0.0
526.60887,0.003678
526.715572,0.0
526.822274,0.0
526.928976,0.0026
527.035679,0.0
527.142381,0.004565
527.249083,0.001695
527.355785,0.0
527.462487,0.005393
527.56919,0.0
527.675892,0.001855
527.782594,0.000748
527.889296,0.003254
527.995999,0.003903
528.102701,8e-05
528.209403,0.0
528.316105,0.00115
528.422808,0.0
528.52951,0.005033
528.636212,0.000341
528.742914,0.0
528.849617,0.000462
528.956319,0.0
529.063021,0.0
529.169723,0.003001
529.276425,0.0
529.383128,0.0
529.48983,0.001342
529.596532,0.002964
529.703234,0.001797
529.809937,0.00249
529.916639,0.0
530.023341,0.0
530.130043,0.003753
530.236746,0.0
530.343448,0.0
530.45015,0.00332
530.556852,0.00139
530.663555,0.00114
530.770257,0.005412
530.876959,0.0
530.983661,0.002319
531.090363,0.000143
531.197066,0.000671
531.303768,0.003821
531.41047,0.001269
531.517172,0.001346
531.623875,0.002681
531.730577,0.0
531.837279,0.0
531.943981,0.0
532.050684,0.0
532.157386,0.00514
532.264088,0.0
532.37079,0.0
532.477492,0.0
532.584195,0.000768
532.690897,0.002039
532.797599,0.002151
532.904301,0.0
533.011004,0.0
533.117706,0.000706
533.224408,0.0
533.33111,0.004018
533.437813,0.001227
533.544515,0.001837
533.651217,0.001657
533.757919,0.002933
533.864622,0.000453
533.971324,0.0
534.078026,0.000999
534.184728,0.0
534.29143,0.0
534.398133,0.001466
534.504835,0.003095
534.611537,5.3e-05
534.718239,0.000772
534.824942,0.004255
534.931644,0.000602
535.038346,0.006504
535.145048,0.001414
535.251751,0.0
535.358453,0.001883
535.465155,0.000953
535.571857,0.003224
535.67856,0.001683
535.785262,0.0
535.891964,0.0
535.998666,0.0
536.105368,0.0
536.212071,0.0
536.318773,0.001471
536.425475,0.004174
536.532177,0.000987
536.63888,0.0
536.745582,0.001111
536.852284,0.002991
536.958986,0.0
537.065689,0.0
537.172391,3.7e-05
537.279093,0.0
537.385795,0.001621
537.492497,0.0
537.5992,0.001049
537.705902,0.0
537.812604,0.0
537.919306,0.001806
538.026009,0.0
538.132711,0.004317
538.239413,0.0
538.346115,0.000562
538.452818,0.002331
538.55952,0.0
538.666222,0.0
538.772924,0.0
538.879627,0.003156
538.986329,0.0
539.093031,0.006395
539.199733,0.0
539.306435,0.000461
539.413138,0.003855
539.51984,0.005015
539.626542,0.005153
539.733244,0.003021
539.839947,0.00256
539.946649,0.001481
540.053351,0.001946
540.160053,0.0
540.266756,0.0
540.373458,0.0
540.48016,0.0
540.586862,0.0
540.693565,0.001741
540.800267,0.002388
540.906969,0.000221
541.013671,0.003694
541.120373,0.0
541.227076,0.0
541.333778,0.0
541.44048,0.0
541.547182,0.0
541.653885,0.0
541.760587,0.003783
541.867289,0.001577
541.973991,0.0
542.080694,0.004635
542.187396,0.003052
542.294098,0.001455
542.4008,0.0
542.507503,0.0
542.614205,0.0
542.720907,0.002722
542.827609,0.004711
542.934311,0.003858
543.041014,0.0
543.147716,0.0
543.254418,0.000352
543.36112,0.0
543.467823,0.000808
543.574525,0.0
543.681227,0.0
543.787929,0.0
543.894632,0.001284
544.001334,0.0
544.108036,0.0
544.214738,0.0
544.32144,0.0
544.428143,0.00443
544.534845,0.004153
544.641547,0.0
544.748249,0.0
544.854952,0.001172
544.961654,0.0
545.068356,0.000754
545.175058,0.001915
545.281761,0.003067
545.388463,0.0
545.495165,0.0
545.601867,0.0
545.70857,0.0
545.815272,0.0
545.921974,0.000918
546.028676,0.002284
546.135378,0.0
546.242081,0.003731
546.348783,0.0
546.455485,0.0
546.562187,0.0
546.66889,0.0
546.775592,0.00221
546.882294,0.001842
546.988996,0.0
547.095699,0.000167
547.202401,0.00129
547.309103,0.0
547.415805,0.0
547.522508,0.001986
547.62921,0.0
547.735912,0.000734
547.842614,0.0
547.949316,0.001166
548.056019,0.0
548.162721,0.0
548.269423,0.002912
548.376125,0.0
548.482828,0.0
548.58953,0.000501
548.696232,0.002871
548.802934,0.0
548.909637,0.000154
549.016339,0.001072
549.123041,0.001733
549.229743,0.000441
549.336445,0.0
549.443148,0.0
549.54985,0.000215
549.656552,0.0
549.763254,0.0
549.869957,0.001091
549.976659,0.00226
550.083361,0.0
550.190063,0.0
550.296766,0.001548
550.403468,0.005143
550.51017,5.2e-05
550.616872,0.0
550.723575,0.0
550.830277,0.003437
550.936979,0.0
551.043681,0.0
551.150383,0.0
551.257086,0.0
551.363788,0.000307
551.47049,0.004061
551.577192,0.000808
551.683895,0.0
551.790597,0.0
551.897299,0.0
552.004001,0.002208
552.110704,0.0
552.217406,0.0
552.324108,0.007982
552.43081,0.000747
552.537513,0.0
552.644215,0.0
552.750917,0.002871
552.857619,0.000283
552.964321,0.0
553.071024,0.002298
553.177726,0.0
553.284428,0.004683
553.39113,0.0027
553.497833,0.0
553.604535,0.003202
553.711237,0.00017
553.817939,0.002132
553.924642,0.001212
554.031344,0.0
554.138046,0.0
554.244748,0.002575
554.35145,0.0
554.458153,0.0
554.564855,0.0
554.671557,0.001059
554.778259,0.005156
554.884962,0.0
554.991664,6.1e-05
555.098366,0.00353
555.205068,0.0
555.311771,0.001131
555.418473,0.0
555.525175,0.001071
555.631877,0.0
555.73858,0.002464
555.845282,0.002968
555.951984,0.006473
556.058686,0.001449
556.165388,0.000814
556.272091,0.000486
556.378793,0.0
556.485495,0.000846
556.592197,0.0
556.6989,0.000421
556.805602,0.003294
556.912304,0.0
557.019006,0.002849
557.125709,0.003293
557.232411,0.0
557.339113,0.0
557.445815,0.0
557.552518,0.003242
557.65922,0.0
557.765922,0.0
557.872624,0.0
557.979326,0.002101
558.086029,0.001367
558.192731,0.0
558.299433,0.0
558.406135,0.0
558.512838,0.0
558.61954,0.004038
558.726242,0.0
558.832944,0.003043
558.939647,0.003803
559.046349,0.002496
559.153051,0.0
559.259753,0.001009
559.366455,0.0
559.473158,0.0
559.57986,0.000811
559.686562,0.0
559.793264,0.002969
559.899967,0.0
560.006669,0.000503
560.113371,0.000708
560.220073,0.0
560.326776,0.001467
560.433478,0.0
560.54018,0.002178
560.646882,0.0
560.753585,0.000316
560.860287,0.004847
560.966989,0.0
561.073691,0.0
561.180393,0.001285
561.287096,0.000449
561.393798,0.000877
561.5005,0.001223
561.607202,0.001587
561.713905,0.002774
561.820607,0.001024
561.927309,0.0
562.034011,0.001681
562.140714,0.004749
562.247416,0.0
562.354118,0.0
562.46082,0.002767
562.567523,0.0
562.674225,0.0
562.780927,0.002118
562.887629,0.0
562.994331,0.0
563.101034,0.00083
563.207736,0.000476
563.314438,0.001773
563.42114,0.0
563.527843,0.001283
563.634545,0.0
563.741247,0.001847
563.847949,0.001538
563.954652,0.0
564.061354,0.002715
564.168056,0.0
564.274758,0.00202
564.38146,0.000918
564.488163,0.004595
564.594865,0.0
564.701567,0.0
564.808269,0.0
564.914972,0.0
565.021674,0.002
565.128376,0.0
565.235078,0.0
565.341781,0.0
565.448483,0.002376
565.555185,0.004276
565.661887,0.0
565.76859,0.0
565.875292,0.000175
565.981994,0.002904
566.088696,0.0
566.195398,0.000596
566.302101,0.002438
566.408803,0.001253
566.515505,0.000474
566.622207,0.002502
566.72891,0.0
566.835612,0.001695
566.942314,0.0
567.049016,0.0
567.155719,0.001278
567.262421,0.003434
567.369123,0.0
567.475825,0.002382
567.582528,0.00403
567.68923,0.003287
567.795932,0.0041
567.902634,0.001855
568.009336,0.000189
568.116039,0.0
568.222741,0.0
568.329443,0.0
568.436145,0.005427
568.542848,0.0
568.64955,0.000308
568.756252,0.001379
568.862954,0.000109
568.969657,0.004237
569.076359,0.0
569.183061,0.000486
569.289763,0.0
569.396465,0.0
569.503168,0.0
569.60987,0.0
569.716572,0.0
569.823274,0.0
569.929977,0.0
570.036679,0.0
570.143381,0.0
570.250083,0.0019
570.356786,0.000206
570.463488,0.0
570.57019,0.0
570.676892,0.0
570.783595,0.000798
570.890297,0.003351
570.996999,0.0
571.103701,0.000288
571.210403,0.0
571.317106,0.001678
571.423808,0.000533
571.53051,0.0
571.637212,0.0
571.743915,0.0
571.850617,0.00269
571.957319,5.3e-05
572.064021,0.004753
572.170724,0.0
572.277426,0.0
572.384128,0.0
572.49083,0.0
572.597533,0.0
572.704235,0.000668
572.810937,0.001272
572.917639,0.0
573.024341,0.002237
573.131044,0.0
573.237746,0.000367
573.344448,0.00403
573.45115,0.002242
573.557853,0.0
573.664555,0.0
573.771257,0.0
573.877959,0.0
573.984662,0.0
574.091364,0.0
574.198066,0.0
574.304768,0.000192
574.41147,0.0
574.518173,0.0
574.624875,0.000422
574.731577,0.001105
574.838279,0.0
574.944982,0.003527
575.051684,0.0
575.158386,4.7e-05
575.265088,0.00177
575.371791,0.000583
575.478493,0.002383
575.585195,0.000718
575.691897,0.0
575.7986,0.000904
575.905302,0.0
576.012004,0.000271
576.118706,0.0
576.225408,0.0
576.332111,0.0
576.438813,0.0
576.545515,0.0
576.652217,0.000232
576.75892,0.0004
576.865622,0.0
576.972324,0.003164
577.079026,0.0
577.185729,0.002423
577.292431,0.001068
577.399133,0.0
577.505835,0.004438
577.612538,0.0
577.71924,0.002298
577.825942,0.002501
577.932644,0.0
578.039346,0.003481
578.146049,0.0
578.252751,0.000722
578.359453,0.000651
578.466155,0.0
578.572858,0.002027
578.67956,0.001984
578.786262,0.0
578.892964,0.003261
578.999667,0.0
579.106369,0.002581
579.213071,0.002817
579.319773,0.0
579.426475,0.0
579.533178,0.0
579.63988,0.0
579.746582,0.0
579.853284,0.001949
579.959987,0.003276
580.066689,0.003489
580.173391,0.0
580.280093,0.0
580.386796,0.0
580.493498,0.0
580.6002,0.002412
580.706902,0.004039
580.813605,0.0
580.920307,0.0
581.027009,0.0
581.133711,0.0007
581.240413,0.0
581.347116,0.00106
581.453818,0.0
581.56052,0.0
581.667222,0.001366
581.773925,1.6e-05
581.880627,0.0
581.987329,0.0
582.094031,0.0
582.200734,0.0
582.307436,0.0
582.414138,0.003996
582.52084,0.001402
582.627543,0.0
582.734245,0.001742
582.840947,0.0
582.947649,0.002933
583.054351,0.000924
583.161054,0.0
583.267756,0.001119
583.374458,0.0
583.48116,0.0
583.587863,0.0
583.694565,0.000357
583.801267,0.004331
583.907969,0.005578
584.014672,0.001595
584.121374,0.001252
584.228076,0.0
584.334778,0.0
584.44148,0.0
584.548183,0.0
584.654885,0.0
584.761587,0.0
584.868289,0.0
584.974992,0.00187
585.081694,0.0
585.188396,0.000598
585.295098,0.005185
585.401801,0.0
585.508503,0.0
585.615205,0.0
585.721907,0.002752
585.82861,0.004896
585.935312,0.0
586.042014,0.001242
586.148716,0.0
586.255418,0.0
586.362121,0.00661
586.468823,0.0
586.575525,0.000634
586.682227,0.001169
586.78893,0.002714
586.895632,0.000245
587.002334,0.00077
587.109036,0.0
587.215739,0.000673
587.322441,0.0
587.429143,0.001554
587.535845,0.0
587.642548,0.000943
587.74925,0.0
587.855952,0.002815
587.962654,0.0
588.069356,0.0
588.176059,0.003155
588.282761,0.0
588.389463,0.0
588.496165,0.0
588.602868,0.003436
588.70957,0.0
588.816272,0.007844
588.922974,0.00264
589.029677,0.000558
589.136379,0.0
589.243081,0.000714
589.349783,0.001303
589.456485,0.001613
589.563188,0.001389
589.66989,0.000224
589.776592,0.0
589.883294,0.0
589.989997,0.0
590.096699,0.002834
590.203401,0.001484
590.310103,0.0
590.416806,0.00164
590.523508,0.000487
590.63021,0.0
590.736912,0.0
590.843615,0.00281
590.950317,0.002369
591.057019,0.0
591.163721,0.001018
591.270423,0.0
591.377126,0.0
591.483828,0.0
591.59053,0.002156
591.697232,0.002383
591.803935,0.001283
591.910637,0.001813
592.017339,0.00129
592.124041,0.0
592.230744,0.00108
592.337446,0.002001
592.444148,0.001886
592.55085,0.002972
592.657553,0.001771
592.764255,0.000879
592.870957,0.002675
592.977659,0.0
593.084361,0.0
593.191064,0.0
593.297766,0.0
593.404468,0.0
593.51117,0.0
593.617873,0.0
593.724575,0.0
593.831277,0.0
593.937979,0.000533
594.044682,3e-06
594.151384,0.0
594.258086,0.001648
594.364788,0.002344
594.47149,0.0
594.578193,0.0
594.684895,0.0
594.791597,0.0
594.898299,0.002074
595.005002,0.0
595.111704,0.0
595.218406,0.0
595.325108,0.001588
595.431811,0.0
595.538513,0.00015
595.645215,0.000693
595.751917,0.003401
595.85862,0.0
595.965322,0.0
596.072024,0.00046
596.178726,0.004501
596.285428,0.003097
596.392131,0.000524
596.498833,0.0
596.605535,0.002018
596.712237,0.0
596.81894,0.001191
596.925642,0.001264
597.032344,0.00265
597.139046,0.006899
597.245749,0.000981
597.352451,0.0
597.459153,0.0
597.565855,0.0
597.672558,0.0
597.77926,0.0
597.885962,0.0
597.992664,0.000381
598.099366,0.0
598.206069,0.002802
598.312771,1e-06
598.419473,0.0
598.526175,0.0
598.632878,0.000388
598.73958,0.002063
598.846282,0.0
598.952984,0.0
599.059687,0.0
599.166389,0.0
599.273091,0.0
599.379793,0.0
599.486495,0.002186
599.593198,0.000656
599.6999,0.000484
599.806602,0.002127
599.913304,0.0
600.020007,0.000976
600.126709,0.0
600.233411,0.000663
600.340113,0.0
600.446816,0.0
600.553518,0.0
600.66022,0.003557
600.766922,0.002315
600.873625,0.002413
600.980327,0.00309
601.087029,0.000222
601.193731,0.000493
601.300433,0.0
601.407136,0.0
601.513838,0.001539
601.62054,0.003009
601.727242,0.0
601.833945,0.0
601.940647,1e-06
602.047349,0.001503
602.154051,0.0
602.260754,0.0
602.367456,0.0
602.474158,0.0
602.58086,0.0
602.687563,0.0
602.794265,0.0
602.900967,0.003631
603.007669,0.000817
603.114371,0.000751
603.221074,0.001555
603.327776,0.0
603.434478,0.002598
603.54118,0.0
603.647883,0.001676
603.754585,0.0
603.861287,0.0
603.967989,0.002045
604.074692,0.000941
604.181394,0.0
604.288096,0.0
604.394798,0.002813
604.501501,0.0
604.608203,0.004106
604.714905,0.0
604.821607,0.001596
604.928309,0.0
605.035012,0.001508
605.141714,0.0
605.248416,0.0
605.355118,0.000102
605.461821,0.0
605.568523,0.001852
605.675225,0.0
605.781927,0.0
605.88863,0.0
605.995332,0.0
606.102034,0.0
606.208736,0.006031
606.315438,0.001961
606.422141,0.0
606.528843,0.0
606.635545,5.6e-05
606.742247,0.001368
606.84895,0.0
606.955652,0.002786
607.062354,0.001788
607.169056,0.001795
607.275759,0.001096
607.382461,4.9e-05
607.489163,0.001682
607.595865,0.001479
607.702568,0.0
607.80927,0.0
607.915972,0.000255
608.022674,0.003872
608.129376,0.0
608.236079,0.0
608.342781,0.000412
608.449483,0.000127
608.556185,0.000433
608.662888,0.00061
608.76959,0.0
608.876292,0.003724
608.982994,0.0
609.089697,0.0
609.196399,0.0
609.303101,0.0
609.409803,0.0
609.516506,0.004153
609.623208,5.2e-05
609.72991,0.000577
609.836612,0.0
609.943314,0.0
610.050017,0.0
610.156719,0.0
610.263421,0.003204
610.370123,0.001394
610.476826,0.0
610.583528,0.000616
610.69023,0.001245
610.796932,0.00285
610.903635,0.003951
611.010337,0.0
611.117039,0.0
611.223741,0.0
611.330443,0.0
611.437146,0.001166
611.543848,0.002468
611.65055,0.0
611.757252,0.0
611.863955,0.000379
611.970657,0.0
612.077359,0.005223
612.184061,0.0
612.290764,0.000462
612.397466,0.005059
612.504168,1.7e-05
612.61087,0.0
612.717573,0.0
612.824275,0.0
612.930977,0.003432
613.037679,0.0
613.144381,0.003833
613.251084,0.0
613.357786,0.0
613.464488,0.0
613.57119,0.001471
613.677893,0.0
613.784595,0.001155
613.891297,0.00506
613.997999,0.0
614.104702,0.000474
614.211404,0.0
614.318106,0.001065
614.424808,4.8e-05
614.531511,0.0
614.638213,0.00122
614.744915,0.004511
614.851617,0.0
614.958319,0.001799
615.065022,0.0
615.171724,0.0
615.278426,0.001181
615.385128,0.00371
615.491831,0.000889
615.598533,0.0
615.705235,0.0
615.811937,0.0
615.91864,0.001511
616.025342,0.002206
616.132044,0.0
616.238746,0.0
616.345448,0.000665
616.452151,0.0
616.558853,0.0
616.665555,0.005249
616.772257,0.0
616.87896,0.0
616.985662,0.0
617.092364,0.00186
617.199066,0.0
617.305769,0.0
617.412471,0.003303
617.519173,0.003549
617.625875,0.0
617.732578,0.0
617.83928,0.002519
617.945982,0.0
618.052684,0.001976
618.159386,0.0
618.266089,0.002231
618.372791,0.0
618.479493,0.001827
618.586195,3.6e-05
618.692898,0.0
618.7996,0.0
618.906302,0.001716
619.013004,0.000265
619.119707,0.001461
619.226409,0.004941
619.333111,0.0
619.439813,0.004043
619.546516,0.000261
619.653218,0.0
619.75992,0.0
619.866622,0.0
619.973324,0.002304
620.080027,0.0
620.186729,0.003778
620.293431,0.0
620.400133,0.0
620.506836,0.0
620.613538,0.000909
620.72024,0.002217
620.826942,0.0
620.933645,0.0
621.040347,0.000497
621.147049,0.001092
621.253751,0.001011
621.360453,0.003089
621.467156,0.0
621.573858,0.0017
621.68056,0.002981
621.787262,0.0
621.893965,0.000799
622.000667,0.0
622.107369,0.0
622.214071,0.000869
622.320774,0.0
622.427476,0.0
622.534178,8.5e-05
622.64088,0.0
622.747583,0.0
622.854285,0.001698
622.960987,0.0
623.067689,0.001666
623.174391,0.001156
623.281094,0.0
623.387796,0.0
623.494498,0.002985
623.6012,0.0
623.707903,0.0
623.814605,0.001155
623.921307,0.001958
624.028009,0.0
624.134712,0.0
624.241414,0.003556
624.348116,0.004347
624.454818,0.002447
624.561521,0.000213
624.668223,0.0
624.774925,0.0
624.881627,0.001306
624.988329,0.001046
625.095032,0.003504
625.201734,0.001626
625.308436,0.0
625.415138,0.00263
625.521841,0.0
625.628543,0.0
625.735245,0.000625
625.841947,0.004989
625.94865,0.007774
626.055352,0.001517
626.162054,0.0
626.268756,0.001336
626.375458,0.002219
626.482161,0.0
626.588863,0.004488
626.695565,0.000575
626.802267,0.001244
626.90897,0.001665
627.015672,0.001054
627.122374,0.002097
627.229076,0.0
627.335779,0.0
627.442481,0.0
627.549183,0.001099
627.655885,0.001947
627.762588,0.001144
627.86929,0.004186
627.975992,0.0
628.082694,0.001672
628.189396,0.0
628.296099,0.0
628.402801,0.001739
628.509503,0.002123
628.616205,0.0
628.722908,0.0
628.82961,0.0
628.936312,0.0
629.043014,0.002226
629.149717,0.001438
629.256419,0.001252
629.363121,0.000124
629.469823,1.8e-05
629.576526,0.0
629.683228,0.001747
629.78993,0.001052
629.896632,0.00123
630.003334,0.0
630.110037,0.0
630.216739,0.002743
630.323441,0.0
630.430143,0.0
630.536846,0.001734
630.643548,0.0
630.75025,0.00265
630.856952,0.001542
630.963655,0.001709
631.070357,0.0
631.177059,0.00303
631.283761,0.000653
631.390463,0.0
631.497166,0.000358
631.603868,0.0
631.71057,0.001022
631.817272,0.0
631.923975,0.0
632.030677,0.0
632.137379,0.002782
632.244081,0.0
632.350784,0.003834
632.457486,0.0
632.564188,0.0
632.67089,0.0
632.777593,0.003089
632.884295,0.0
632.990997,0.0
633.097699,0.0004
633.204401,0.001254
633.311104,0.002793
633.417806,0.003621
633.524508,0.0
633.63121,0.0
633.737913,0.0
633.844615,0.000651
633.951317,0.0
634.058019,0.0
634.164722,0.000859
634.271424,0.0
634.378126,8.2e-05
634.484828,0.0
634.591531,0.0
634.698233,0.0
634.804935,0.002225
634.911637,0.002588
635.018339,0.0
635.125042,0.0
635.231744,0.0
635.338446,0.0
635.445148,0.0
635.551851,0.0
635.658553,0.0
635.765255,0.0
635.871957,0.000518
635.97866,0.000173
636.085362,0.0
636.192064,0.000442
636.298766,0.0
636.405468,0.0
636.512171,0.004183
636.618873,0.003351
636.725575,0.0
636.832277,0.002074
636.93898,0.002028
637.045682,0.0
637.152384,0.002047
637.259086,0.003845
637.365789,0.0
637.472491,0.0
637.579193,0.002544
637.685895,0.000679
637.792598,0.001379
637.8993,0.000851
638.006002,0.000977
638.112704,0.0
638.219406,0.002618
638.326109,0.002924
638.432811,0.0
638.539513,0.0
638.646215,0.0
638.752918,0.001286
638.85962,0.00143
638.966322,0.0
639.073024,0.002811
639.179727,0.0
639.286429,0.001411
639.393131,0.0
639.499833,0.0
639.606536,0.0
639.713238,0.000563
639.81994,0.0
639.926642,0.0
640.033344,0.002065
640.140047,0.0
640.246749,0.0
640.353451,0.004374
640.460153,0.003453
640.566856,0.0
640.673558,0.001724
640.78026,0.0
640.886962,0.000659
640.993665,0.000736
641.100367,0.0
641.207069,0.0
641.313771,0.0
641.420473,0.0
641.527176,0.0
641.633878,0.0
641.74058,0.0
641.847282,0.001705
641.953985,0.003718
642.060687,0.0
642.167389,0.000598
642.274091,0.001249
642.380794,0.00118
642.487496,0.00019
642.594198,0.001857
642.7009,0.001206
642.807603,0.0
642.914305,0.002173
643.021007,0.002218
643.127709,0.0
643.234411,9.5e-05
643.341114,0.001708
643.447816,0.0
643.554518,0.002682
643.66122,0.005909
643.767923,0.0
643.874625,0.0
643.981327,0.000759
644.088029,0.001804
644.194732,0.0
644.301434,0.003633
644.408136,0.0
644.514838,0.001732
644.621541,0.0
644.728243,0.004298
644.834945,0.004981
644.941647,0.0
645.048349,0.0
645.155052,0.002149
645.261754,0.0
645.368456,0.0
645.475158,6.3e-05
645.581861,0.0
645.688563,0.0
645.795265,0.0
645.901967,0.0
646.00867,0.003609
646.115372,0.0
646.222074,0.002033
646.328776,0.0
646.435478,0.0
646.542181,0.001976
646.648883,0.00085
646.755585,0.001426
646.862287,0.00242
646.96899,0.0
647.075692,0.0
647.182394,0.0
647.289096,0.0
647.395799,0.007372
647.502501,0.003111
647.609203,0.0
647.715905,0.0
647.822608,0.001205
647.92931,0.001368
648.036012,0.001372
648.142714,0.0
648.249416,0.0
648.356119,0.00082
648.462821,0.000215
648.569523,0.0
648.676225,0.0
648.782928,0.0
648.88963,0.000438
648.996332,0.007463
649.103034,0.000919
649.209737,0.0
649.316439,0.002304
649.423141,0.001207
649.529843,0.00105
649.636546,0.001517
649.743248,0.005141
649.84995,0.0
649.956652,0.001184
650.063354,0.0
650.170057,0.001389
650.276759,0.0
650.383461,0.0
650.490163,0.0
650.596866,0.002439
650.703568,0.002296
650.81027,0.0
650.916972,0.000137
651.023675,0.0
651.130377,0.0
651.237079,0.0
651.343781,0.0
651.450483,0.006066
651.557186,0.001082
651.663888,0.0
651.77059,0.0
651.877292,0.002553
651.983995,0.005221
652.090697,0.0
652.197399,0.0
652.304101,0.004677
652.410804,0.000974
652.517506,0.0
652.624208,0.001336
652.73091,0.0
652.837613,8e-06
652.944315,0.000819
653.051017,0.002311
653.157719,0.0
653.264421,0.000214
653.371124,0.0
653.477826,0.000638
653.584528,0.0
653.69123,0.0
653.797933,0.0
653.904635,0.001628
654.011337,0.002146
654.118039,0.0
654.224742,9.6e-05
654.331444,0.0
654.438146,0.0
654.544848,0.0
654.651551,0.006552
654.758253,0.0
654.864955,0.003664
654.971657,0.002507
655.078359,0.000759
655.185062,0.004593
655.291764,0.001544
655.398466,0.002708
655.505168,0.004313
655.611871,0.01338
655.718573,0.024453
655.825275,0.03982
655.931977,0.068171
656.03868,0.111322
656.145382,0.156547
656.252084,0.203506
656.358786,0.24014
656.465488,0.248838
656.572191,0.238752
656.678893,0.206937
656.785595,0.164333
656.892297,0.109673
656.999,0.072727
657.105702,0.043848
657.212404,0.025902
657.319106,0.00974
657.425809,7e-05
657.532511,0.003421
657.639213,0.0
657.745915,0.0
657.852618,0.0
657.95932,0.0
658.066022,0.0
658.172724,0.0
658.279426,0.002243
658.386129,0.003187
658.492831,0.001629
658.599533,0.0
658.706235,0.0
658.812938,0.0
658.91964,0.001497
659.026342,0.001671
659.133044,0.0
659.239747,0.000205
659.346449,0.001143
659.453151,0.003639
659.559853,0.001761
659.666556,0.001972
659.773258,0.00021
659.87996,0.003526
659.986662,0.001024
660.093364,0.0
660.200067,0.003508
660.306769,0.001745
660.413471,0.0
660.520173,0.0
660.626876,0.000741
660.733578,0.001158
660.84028,0.000493
660.946982,0.000778
661.053685,0.00425
661.160387,0.002679
661.267089,0.000477
661.373791,0.002353
661.480493,0.0
661.587196,0.000995
661.693898,0.004523
661.8006,0.0
661.907302,0.0
662.014005,0.0
662.120707,0.0
662.227409,0.0
662.334111,0.0
662.440814,0.0
662.547516,3.9e-05
662.654218,0.002256
662.76092,0.0
662.867623,0.003798
662.974325,0.001277
663.081027,0.002576
663.187729,0.0
663.294431,0.002136
663.401134,0.0
663.507836,0.002225
663.614538,0.00043
663.72124,0.001383
663.827943,0.0
663.934645,0.0
664.041347,0.001493
664.148049,0.0
664.254752,0.001158
664.361454,0.0
664.468156,0.00212
664.574858,0.0
664.681561,0.001381
664.788263,0.001564
664.894965,0.0
665.001667,0.001455
665.108369,0.000651
665.215072,0.0
665.321774,0.0
665.428476,0.0
665.535178,0.000874
665.641881,0.0
665.748583,0.000238
665.855285,0.0
665.961987,0.001698
666.06869,0.0
666.175392,0.0
666.282094,0.00183
666.388796,0.000838
666.495498,0.00079
666.602201,0.001173
666.708903,0.0
666.815605,0.001892
666.922307,0.001531
667.02901,0.0
667.135712,0.0
667.242414,0.0
667.349116,0.0
667.455819,0.000835
667.562521,0.003578
667.669223,0.002704
667.775925,0.0
667.882628,0.001555
667.98933,0.003322
668.096032,0.000967
668.202734,0.002727
668.309436,0.00503
668.416139,0.002559
668.522841,0.000623
668.629543,0.002613
668.736245,0.000362
668.842948,6e-05
668.94965,0.0
669.056352,0.003908
669.163054,0.0
669.269757,0.003831
669.376459,0.00125
669.483161,0.0
669.589863,0.000919
669.696566,0.0
669.803268,0.001564
669.90997,0.002213
670.016672,0.0
670.123374,0.000309
670.230077,0.004885
670.336779,0.0
670.443481,0.0
670.550183,0.003704
670.656886,0.004906
670.763588,9e-06
670.87029,0.002528
670.976992,0.003353
671.083695,0.0
671.190397,0.0
671.297099,0.003077
671.403801,0.004212
671.510504,0.001407
671.617206,0.0
671.723908,0.004967
671.83061,0.0
671.937312,0.0
672.044015,0.000856
672.150717,0.003885
672.257419,0.002135
672.364121,0.001037
672.470824,0.001158
672.577526,0.000109
672.684228,0.001395
672.79093,0.0
672.897633,0.0
673.004335,0.000603
673.111037,0.0
673.217739,0.000966
673.324441,0.0
673.431144,0.004388
673.537846,0.003932
673.644548,0.0
673.75125,0.0
673.857953,0.0
673.964655,0.0
674.071357,0.000488
674.178059,0.0
674.284762,0.0
674.391464,0.001557
674.498166,0.001574
674.604868,0.0
674.711571,0.002238
674.818273,0.0
674.924975,0.000633
675.031677,0.002051
675.138379,0.0
675.245082,0.001137
675.351784,0.0
675.458486,0.0
675.565188,0.0
675.671891,0.0
675.778593,0.0
675.885295,0.0
675.991997,0.0
676.0987,0.0
676.205402,0.0
676.312104,0.0
676.418806,0.0
676.525509,0.001199
676.632211,0.002186
676.738913,0.0
676.845615,0.0
676.952317,0.0
677.05902,0.0
677.165722,0.0
677.272424,0.0
677.379126,0.0
677.485829,0.0
677.592531,0.000454
677.699233,0.001487
677.805935,0.0
677.912638,0.0
678.01934,0.0
678.126042,0.0
678.232744,0.0
678.339446,0.001433
678.446149,0.0
678.552851,0.0
678.659553,0.000753
678.766255,0.00046
678.872958,0.006732
678.97966,0.000874
679.086362,0.0
679.193064,0.0
679.299767,0.0
679.406469,0.0
679.513171,0.0
679.619873,0.002288
679.726576,0.0
679.833278,0.0
679.93998,0.0
680.046682,0.004347
680.153384,0.0
680.260087,0.004581
680.366789,0.002035
680.473491,0.001205
680.580193,0.000922
680.686896,0.000984
680.793598,0.0
680.9003,0.0
681.007002,0.002113
681.113705,0.0
681.220407,0.0
681.327109,0.0
681.433811,0.00426
681.540514,0.003117
681.647216,0.0
681.753918,0.002378
681.86062,0.0
681.967322,0.0
682.074025,0.0
682.180727,0.003907
682.287429,0.0
682.394131,0.0
682.500834,0.0
682.607536,0.00476
682.714238,0.004065
682.82094,0.005547
682.927643,0.0
683.034345,0.000739
683.141047,0.0
683.247749,0.003692
683.354451,0.0
683.461154,0.000542
683.567856,0.0
683.674558,0.0
683.78126,0.0
683.887963,0.0
683.994665,0.0
684.101367,0.0
684.208069,0.002083
684.314772,0.0
684.421474,0.000551
684.528176,0.003045
684.634878,0.0
684.741581,0.0
684.848283,0.0
684.954985,0.002949
685.061687,0.000485
685.168389,0.0
685.275092,0.00121
685.381794,0.0
685.488496,0.001703
685.595198,0.001021
685.701901,0.0
685.808603,0.0
685.915305,0.0
686.022007,0.001337
686.12871,0.003072
686.235412,0.0
686.342114,0.001146
686.448816,0.0
686.555519,0.0
686.662221,0.0
686.768923,0.0
686.875625,0.0
686.982327,0.0
687.08903,0.00073
687.195732,0.0
687.302434,0.0
687.409136,0.0
687.515839,0.0
687.622541,0.001144
687.729243,0.0
687.835945,0.0
687.942648,0.0
688.04935,0.003471
688.156052,0.0
688.262754,0.000957
688.369456,0.000353
688.476159,0.0
688.582861,0.00192
688.689563,0.000538
688.796265,0.001271
688.902968,0.009815
689.00967,0.0
689.116372,0.004311
689.223074,0.0
689.329777,0.000718
689.436479,0.0
689.543181,0.0
689.649883,0.0
689.756586,0.000824
689.863288,0.0
689.96999,0.001876
690.076692,0.0
690.183394,0.0
690.290097,0.0
690.396799,0.003143
690.503501,0.0
690.610203,0.000896
690.716906,0.0
690.823608,0.001895
690.93031,0.001714
691.037012,0.004621
691.143715,0.0
691.250417,0.001672
691.357119,0.000245
691.463821,0.003239
691.570524,0.0
691.677226,0.001862
691.783928,0.0
691.89063,0.0
691.997332,0.000229
692.104035,0.000631
692.210737,0.0
692.317439,0.000537
692.424141,0.003945
692.530844,0.002463
692.637546,0.002173
692.744248,0.0
692.85095,0.0
692.957653,0.002388
693.064355,0.00219
693.171057,0.003681
693.277759,0.0
693.384461,0.0
693.491164,0.0
693.597866,0.0
693.704568,0.002491
693.81127,0.0
693.917973,0.001601
694.024675,0.0
694.131377,0.00081
694.238079,0.0
694.344782,0.000213
694.451484,0.0
694.558186,0.0
694.664888,0.0
694.771591,0.003015
694.878293,0.001943
694.984995,0.001167
695.091697,0.003802
695.198399,0.0
695.305102,0.004368
695.411804,0.00233
695.518506,0.0
695.625208,0.002839
695.731911,0.0
695.838613,0.0
695.945315,0.0
696.052017,0.0
696.15872,0.0
696.265422,0.003057
696.372124,0.0
696.478826,0.000881
696.585529,0.0
696.692231,0.0
696.798933,0.000675
696.905635,0.0
697.012337,0.0
697.11904,0.0
697.225742,0.004968
697.332444,0.002278
697.439146,0.000264
697.545849,0.003159
697.652551,0.0
697.759253,0.001359
697.865955,0.000499
697.972658,0.00066
698.07936,0.003181
698.186062,0.001831
698.292764,0.000722
698.399466,0.0
698.506169,0.0
698.612871,0.0
698.719573,0.000233
698.826275,0.0
698.932978,0.006029
699.03968,0.003791
699.146382,0.001505
699.253084,0.00018
699.359787,0.0
699.466489,0.0
699.573191,0.000194
699.679893,0.000644
699.786596,0.0
699.893298,0.000835
700.0,0.0
