wavelength_nm,intensity
85.000000,0.002205
85.016672,0.000000
85.033344,0.002875
85.050017,0.006761
85.066689,0.000000
85.083361,0.000000
85.100033,0.007010
85.116706,0.003407
85.133378,0.000000
85.150050,0.002408
85.166722,0.000000
85.183394,0.000000
85.200067,0.001074
85.216739,0.000000
85.233411,0.000000
85.250083,0.000000
85.266756,0.000000
85.283428,0.001395
85.300100,0.000000
85.316772,0.000000
85.333444,0.006506
85.350117,0.000000
85.366789,0.000300
85.383461,0.000000
85.400133,0.000000
85.416806,0.000492
85.433478,0.000000
85.450150,0.001668
85.466822,0.000000
85.483494,0.000000
85.500167,0.000000
85.516839,0.008222
85.533511,0.000000
85.550183,0.000000
85.566856,0.003651
85.583528,0.000000
85.600200,0.000927
85.616872,0.000000
85.633545,0.000000
85.650217,0.000874
85.666889,0.003278
85.683561,0.000761
85.700233,0.000000
85.716906,0.000000
85.733578,0.000000
85.750250,0.000000
85.766922,0.000000
85.783595,0.004693
85.800267,0.001525
85.816939,0.000000
85.833611,0.001439
85.850283,0.000000
85.866956,0.000000
85.883628,0.002715
85.900300,0.004577
85.916972,0.004134
85.933645,0.000000
85.950317,0.000000
85.966989,0.001471
85.983661,0.004331
86.000333,0.000000
86.017006,0.000000
86.033678,0.000000
86.050350,0.000000
86.067022,0.003607
86.083695,0.006020
86.100367,0.000000
86.117039,0.004455
86.133711,0.001605
86.150383,0.000000
86.167056,0.001604
86.183728,0.006827
86.200400,0.000000
86.217072,0.006946
86.233745,0.000000
86.250417,0.003648
86.267089,0.000386
86.283761,0.000000
86.300433,0.000407
86.317106,0.000000
86.333778,0.000000
86.350450,0.001585
86.367122,0.006560
86.383795,0.000000
86.400467,0.000000
86.417139,0.000000
86.433811,0.004064
86.450483,0.001459
86.467156,0.000000
86.483828,0.002278
86.500500,0.000431
86.517172,0.004300
86.533845,0.000000
86.550517,0.000000
86.567189,0.000000
86.583861,0.000000
86.600534,0.001315
86.617206,0.001159
86.633878,0.000023
86.650550,0.000000
86.667222,0.000000
86.683895,0.000000
86.700567,0.000000
86.717239,0.000000
86.733911,0.000000
86.750584,0.001794
86.767256,0.008373
86.783928,0.000775
86.800600,0.001143
86.817272,0.000000
86.833945,0.000000
86.850617,0.000000
86.867289,0.000267
86.883961,0.010935
86.900634,0.000000
86.917306,0.001339
86.933978,0.000000
86.950650,0.000000
86.967322,0.005073
86.983995,0.003338
87.000667,0.003511
87.017339,0.000000
87.034011,0.006227
87.050684,0.000000
87.067356,0.002605
87.084028,0.009724
87.100700,0.000000
87.117372,0.000000
87.134045,0.000442
87.150717,0.000000
87.167389,0.000000
87.184061,0.000304
87.200734,0.000000
87.217406,0.002102
87.234078,0.000000
87.250750,0.006880
87.267422,0.000000
87.284095,0.000000
87.300767,0.003611
87.317439,0.000000
87.334111,0.001010
87.350784,0.005803
87.367456,0.000000
87.384128,0.000820
87.400800,0.001154
87.417472,0.003471
87.434145,0.000000
87.450817,0.000000
87.467489,0.002317
87.484161,0.001318
87.500834,0.001112
87.517506,0.001538
87.534178,0.000000
87.550850,0.001031
87.567523,0.001301
87.584195,0.000000
87.600867,0.008282
87.617539,0.002103
87.634211,0.000000
87.650884,0.002914
87.667556,0.000000
87.684228,0.003494
87.700900,0.005143
87.717573,0.000000
87.734245,0.004277
87.750917,0.001832
87.767589,0.003649
87.784261,0.008420
87.800934,0.000000
87.817606,0.000000
87.834278,0.000000
87.850950,0.000000
87.867623,0.000000
87.884295,0.001514
87.900967,0.001228
87.917639,0.003672
87.934311,0.000058
87.950984,0.006452
87.967656,0.000000
87.984328,0.012075
88.001000,0.002777
88.017673,0.000000
88.034345,0.000000
88.051017,0.002142
88.067689,0.000000
88.084361,0.003170
88.101034,0.002101
88.117706,0.000000
88.134378,0.000000
88.151050,0.000000
88.167723,0.000000
88.184395,0.003802
88.201067,0.000950
88.217739,0.000000
88.234411,0.000769
88.251084,0.001710
88.267756,0.000000
88.284428,0.000682
88.301100,0.000258
88.317773,0.000000
88.334445,0.001588
88.351117,0.002489
88.367789,0.004808
88.384461,0.004678
88.401134,0.000000
88.417806,0.000000
88.434478,0.002286
88.451150,0.002281
88.467823,0.002286
88.484495,0.017103
88.501167,0.002534
88.517839,0.005041
88.534512,0.004235
88.551184,0.002892
88.567856,0.000000
88.584528,0.003369
88.601200,0.000000
88.617873,0.000000
88.634545,0.000000
88.651217,0.000363
88.667889,0.010275
88.684562,0.000000
88.701234,0.003046
88.717906,0.000000
88.734578,0.000000
88.751250,0.004834
88.767923,0.000285
88.784595,0.000000
88.801267,0.000000
88.817939,0.003017
88.834612,0.000000
88.851284,0.000961
88.867956,0.000202
88.884628,0.000000
88.901300,0.009517
88.917973,0.002814
88.934645,0.000000
88.951317,0.000828
88.967989,0.000000
88.984662,0.003784
89.001334,0.000000
89.018006,0.000000
89.034678,0.002242
89.051350,0.003843
89.068023,0.000000
89.084695,0.000000
89.101367,0.000000
89.118039,0.000000
89.134712,0.007837
89.151384,0.001798
89.168056,0.000000
89.184728,0.004074
89.201400,0.009420
89.218073,0.004583
89.234745,0.000000
89.251417,0.000000
89.268089,0.005624
89.284762,0.000000
89.301434,0.001970
89.318106,0.003439
89.334778,0.000000
89.351450,0.000000
89.368123,0.000000
89.384795,0.000000
89.401467,0.000000
89.418139,0.000000
89.434812,0.007246
89.451484,0.000000
89.468156,0.000000
89.484828,0.000580
89.501501,0.006398
89.518173,0.000000
89.534845,0.005163
89.551517,0.000045
89.568189,0.000000
89.584862,0.002051
89.601534,0.000884
89.618206,0.000000
89.634878,0.000310
89.651551,0.000000
89.668223,0.000504
89.684895,0.002939
89.701567,0.007040
89.718239,0.000000
89.734912,0.009469
89.751584,0.000000
89.768256,0.000000
89.784928,0.002612
89.801601,0.001247
89.818273,0.000000
89.834945,0.000000
89.851617,0.000000
89.868289,0.000000
89.884962,0.003771
89.901634,0.001585
89.918306,0.000000
89.934978,0.003993
89.951651,0.001364
89.968323,0.003608
89.984995,0.002795
90.001667,0.000000
90.018339,0.000000
90.035012,0.003317
90.051684,0.002709
90.068356,0.000000
90.085028,0.000521
90.101701,0.005672
90.118373,0.000000
90.135045,0.002429
90.151717,0.000000
90.168389,0.000000
90.185062,0.004878
90.201734,0.003664
90.218406,0.003611
90.235078,0.005795
90.251751,0.000093
90.268423,0.003027
90.285095,0.000000
90.301767,0.001439
90.318439,0.000000
90.335112,0.000431
90.351784,0.002642
90.368456,0.000000
90.385128,0.009288
90.401801,0.000000
90.418473,0.000000
90.435145,0.005141
90.451817,0.003514
90.468489,0.002771
90.485162,0.002789
90.501834,0.000000
90.518506,0.000000
90.535178,0.000337
90.551851,0.000000
90.568523,0.004329
90.585195,0.000000
90.601867,0.000000
90.618540,0.000000
90.635212,0.001833
90.651884,0.000000
90.668556,0.000000
90.685228,0.001082
90.701901,0.001087
90.718573,0.000000
90.735245,0.000000
90.751917,0.001030
90.768590,0.000000
90.785262,0.000000
90.801934,0.000000
90.818606,0.000000
90.835278,0.001380
90.851951,0.006549
90.868623,0.003807
90.885295,0.000000
90.901967,0.000000
90.918640,0.000000
90.935312,0.000000
90.951984,0.000000
90.968656,0.001433
90.985328,0.000000
91.002001,0.002305
91.018673,0.006804
91.035345,0.000000
91.052017,0.001783
91.068690,0.003064
91.085362,0.000000
91.102034,0.000995
91.118706,0.000056
91.135378,0.000434
91.152051,0.000000
91.168723,0.000109
91.185395,0.002211
91.202067,0.006442
91.218740,0.004258
91.235412,0.009558
91.252084,0.000000
91.268756,0.003872
91.285428,0.000814
91.302101,0.009721
91.318773,0.000000
91.335445,0.000000
91.352117,0.000000
91.368790,0.000000
91.385462,0.000000
91.402134,0.000000
91.418806,0.000668
91.435478,0.001517
91.452151,0.008328
91.468823,0.004219
91.485495,0.000000
91.502167,0.000000
91.518840,0.002184
91.535512,0.000000
91.552184,0.008130
91.568856,0.005236
91.585529,0.000000
91.602201,0.000000
91.618873,0.006010
91.635545,0.000000
91.652217,0.005495
91.668890,0.000000
91.685562,0.000000
91.702234,0.000023
91.718906,0.000209
91.735579,0.000000
91.752251,0.002765
91.768923,0.000000
91.785595,0.000000
91.802267,0.000534
91.818940,0.002284
91.835612,0.003159
91.852284,0.000000
91.868956,0.000000
91.885629,0.005672
91.902301,0.001475
91.918973,0.000000
91.935645,0.006886
91.952317,0.000513
91.968990,0.005235
91.985662,0.000300
92.002334,0.009148
92.019006,0.007792
92.035679,0.000000
92.052351,0.004313
92.069023,0.002865
92.085695,0.006075
92.102367,0.000000
92.119040,0.003045
92.135712,0.004698
92.152384,0.000000
92.169056,0.000000
92.185729,0.000000
92.202401,0.000000
92.219073,0.003185
92.235745,0.006669
92.252417,0.000329
92.269090,0.007230
92.285762,0.000000
92.302434,0.000000
92.319106,0.000000
92.335779,0.001705
92.352451,0.000000
92.369123,0.000000
92.385795,0.000000
92.402467,0.000000
92.419140,0.002973
92.435812,0.001627
92.452484,0.000000
92.469156,0.000000
92.485829,0.000000
92.502501,0.000000
92.519173,0.004240
92.535845,0.000000
92.552518,0.002238
92.569190,0.000000
92.585862,0.000000
92.602534,0.000000
92.619206,0.000000
92.635879,0.000000
92.652551,0.000000
92.669223,0.008722
92.685895,0.000157
92.702568,0.000000
92.719240,0.000950
92.735912,0.000000
92.752584,0.000000
92.769256,0.002726
92.785929,0.003363
92.802601,0.000000
92.819273,0.000000
92.835945,0.000000
92.852618,0.000000
92.869290,0.000000
92.885962,0.006068
92.902634,0.007302
92.919306,0.000000
92.935979,0.002559
92.952651,0.001382
92.969323,0.013667
92.985995,0.004970
93.002668,0.000000
93.019340,0.000000
93.036012,0.000000
93.052684,0.000903
93.069356,0.000000
93.086029,0.000000
93.102701,0.000000
93.119373,0.000000
93.136045,0.007489
93.152718,0.003914
93.169390,0.000000
93.186062,0.006570
93.202734,0.000343
93.219406,0.000000
93.236079,0.006761
93.252751,0.002392
93.269423,0.000000
93.286095,0.000000
93.302768,0.000000
93.319440,0.000000
93.336112,0.004111
93.352784,0.008476
93.369456,0.000000
93.386129,0.002499
93.402801,0.000000
93.419473,0.000000
93.436145,0.000000
93.452818,0.000000
93.469490,0.000215
93.486162,0.000000
93.502834,0.001201
93.519507,0.000000
93.536179,0.000000
93.552851,0.000000
93.569523,0.000000
93.586195,0.003353
93.602868,0.002224
93.619540,0.000000
93.636212,0.000441
93.652884,0.003335
93.669557,0.000000
93.686229,0.002412
93.702901,0.000000
93.719573,0.002533
93.736245,0.000000
93.752918,0.000000
93.769590,0.000000
93.786262,0.000213
93.802934,0.001153
93.819607,0.000000
93.836279,0.002835
93.852951,0.000000
93.869623,0.000000
93.886295,0.000000
93.902968,0.000000
93.919640,0.000210
93.936312,0.000000
93.952984,0.000000
93.969657,0.004467
93.986329,0.000000
94.003001,0.003710
94.019673,0.000000
94.036345,0.002352
94.053018,0.006399
94.069690,0.000000
94.086362,0.000000
94.103034,0.002562
94.119707,0.000000
94.136379,0.001648
94.153051,0.000000
94.169723,0.000384
94.186395,0.000000
94.203068,0.005184
94.219740,0.001129
94.236412,0.001499
94.253084,0.000000
94.269757,0.000000
94.286429,0.000000
94.303101,0.001751
94.319773,0.000000
94.336445,0.001287
94.353118,0.009213
94.369790,0.003868
94.386462,0.000000
94.403134,0.005334
94.419807,0.000000
94.436479,0.000000
94.453151,0.000000
94.469823,0.000000
94.486495,0.000000
94.503168,0.000133
94.519840,0.007525
94.536512,0.001582
94.553184,0.000000
94.569857,0.003993
94.586529,0.000000
94.603201,0.001739
94.619873,0.004429
94.636546,0.000000
94.653218,0.007097
94.669890,0.004290
94.686562,0.001939
94.703234,0.007854
94.719907,0.016696
94.736579,0.009335
94.753251,0.011907
94.769923,0.011419
94.786596,0.012706
94.803268,0.023519
94.819940,0.019666
94.836612,0.027611
94.853284,0.029085
94.869957,0.037199
94.886629,0.040231
94.903301,0.046691
94.919973,0.042667
94.936646,0.045958
94.953318,0.044305
94.969990,0.047367
94.986662,0.050863
95.003334,0.051566
95.020007,0.042346
95.036679,0.047840
95.053351,0.046960
95.070023,0.039303
95.086696,0.042037
95.103368,0.026371
95.120040,0.020385
95.136712,0.014246
95.153384,0.025241
95.170057,0.018264
95.186729,0.012221
95.203401,0.011191
95.220073,0.002807
95.236746,0.016874
95.253418,0.005135
95.270090,0.003884
95.286762,0.005711
95.303434,0.003928
95.320107,0.002263
95.336779,0.000000
95.353451,0.002697
95.370123,0.008760
95.386796,0.006241
95.403468,0.007247
95.420140,0.000000
95.436812,0.000000
95.453484,0.000000
95.470157,0.000274
95.486829,0.004873
95.503501,0.000000
95.520173,0.006795
95.536846,0.000000
95.553518,0.000000
95.570190,0.000000
95.586862,0.000000
95.603535,0.003654
95.620207,0.000326
95.636879,0.000000
95.653551,0.000000
95.670223,0.000000
95.686896,0.007409
95.703568,0.000000
95.720240,0.000000
95.736912,0.000000
95.753585,0.000000
95.770257,0.000000
95.786929,0.000000
95.803601,0.000000
95.820273,0.003091
95.836946,0.008208
95.853618,0.005001
95.870290,0.000000
95.886962,0.000000
95.903635,0.011423
95.920307,0.000263
95.936979,0.000062
95.953651,0.000000
95.970323,0.000879
95.986996,0.000000
96.003668,0.000000
96.020340,0.000000
96.037012,0.000000
96.053685,0.000000
96.070357,0.000000
96.087029,0.000472
96.103701,0.000000
96.120373,0.006676
96.137046,0.000000
96.153718,0.004845
96.170390,0.005531
96.187062,0.000000
96.203735,0.000000
96.220407,0.000000
96.237079,0.000000
96.253751,0.000000
96.270423,0.000000
96.287096,0.007778
96.303768,0.004154
96.320440,0.005645
96.337112,0.003204
96.353785,0.000000
96.370457,0.000000
96.387129,0.002172
96.403801,0.000000
96.420473,0.003165
96.437146,0.000000
96.453818,0.000000
96.470490,0.003156
96.487162,0.001972
96.503835,0.000000
96.520507,0.005146
96.537179,0.000000
96.553851,0.002734
96.570524,0.002633
96.587196,0.000000
96.603868,0.001448
96.620540,0.000000
96.637212,0.004102
96.653885,0.000000
96.670557,0.000000
96.687229,0.004661
96.703901,0.000000
96.720574,0.000000
96.737246,0.000000
96.753918,0.002726
96.770590,0.000000
96.787262,0.007887
96.803935,0.000000
96.820607,0.007776
96.837279,0.001317
96.853951,0.000150
96.870624,0.000000
96.887296,0.003046
96.903968,0.001676
96.920640,0.007518
96.937312,0.004168
96.953985,0.005697
96.970657,0.005178
96.987329,0.008763
97.004001,0.013132
97.020674,0.007501
97.037346,0.013046
97.054018,0.026890
97.070690,0.029504
97.087362,0.033616
97.104035,0.040626
97.120707,0.048473
97.137379,0.051003
97.154051,0.056273
97.170724,0.066542
97.187396,0.066640
97.204068,0.077233
97.220740,0.071216
97.237412,0.085448
97.254085,0.083729
97.270757,0.082128
97.287429,0.083354
97.304101,0.083127
97.320774,0.075879
97.337446,0.057956
97.354118,0.054545
97.370790,0.051144
97.387462,0.047567
97.404135,0.043349
97.420807,0.031690
97.437479,0.030015
97.454151,0.020632
97.470824,0.016661
97.487496,0.009143
97.504168,0.007913
97.520840,0.003217
97.537513,0.002621
97.554185,0.009833
97.570857,0.000000
97.587529,0.014379
97.604201,0.004087
97.620874,0.002134
97.637546,0.000000
97.654218,0.003707
97.670890,0.000000
97.687563,0.000796
97.704235,0.011526
97.720907,0.000000
97.737579,0.005164
97.754251,0.000000
97.770924,0.000000
97.787596,0.007874
97.804268,0.000000
97.820940,0.008050
97.837613,0.003144
97.854285,0.000000
97.870957,0.002808
97.887629,0.004318
97.904301,0.002760
97.920974,0.000000
97.937646,0.000000
97.954318,0.000000
97.970990,0.000000
97.987663,0.002755
98.004335,0.000789
98.021007,0.000000
98.037679,0.001688
98.054351,0.002710
98.071024,0.002485
98.087696,0.004798
98.104368,0.003702
98.121040,0.002038
98.137713,0.000000
98.154385,0.000000
98.171057,0.001907
98.187729,0.000922
98.204401,0.001206
98.221074,0.000000
98.237746,0.000000
98.254418,0.004675
98.271090,0.000000
98.287763,0.003025
98.304435,0.000126
98.321107,0.000132
98.337779,0.004165
98.354451,0.000000
98.371124,0.000427
98.387796,0.000000
98.404468,0.000000
98.421140,0.000000
98.437813,0.000986
98.454485,0.000000
98.471157,0.005574
98.487829,0.000000
98.504502,0.000000
98.521174,0.000000
98.537846,0.006423
98.554518,0.000873
98.571190,0.004580
98.587863,0.000000
98.604535,0.001185
98.621207,0.003949
98.637879,0.000365
98.654552,0.004730
98.671224,0.000000
98.687896,0.006256
98.704568,0.010205
98.721240,0.000000
98.737913,0.000000
98.754585,0.006452
98.771257,0.007012
98.787929,0.000000
98.804602,0.000000
98.821274,0.000000
98.837946,0.000000
98.854618,0.000000
98.871290,0.000000
98.887963,0.000000
98.904635,0.000000
98.921307,0.001040
98.937979,0.006883
98.954652,0.000000
98.971324,0.004369
98.987996,0.000000
99.004668,0.000000
99.021340,0.002996
99.038013,0.000000
99.054685,0.001698
99.071357,0.000739
99.088029,0.002186
99.104702,0.001284
99.121374,0.010899
99.138046,0.000000
99.154718,0.000000
99.171390,0.000000
99.188063,0.000000
99.204735,0.000000
99.221407,0.005278
99.238079,0.006306
99.254752,0.000000
99.271424,0.000000
99.288096,0.002093
99.304768,0.000000
99.321440,0.002810
99.338113,0.000901
99.354785,0.000000
99.371457,0.006870
99.388129,0.007972
99.404802,0.000000
99.421474,0.000000
99.438146,0.001269
99.454818,0.001485
99.471490,0.002923
99.488163,0.008923
99.504835,0.000000
99.521507,0.000000
99.538179,0.000000
99.554852,0.000000
99.571524,0.000000
99.588196,0.007966
99.604868,0.000000
99.621541,0.000993
99.638213,0.000000
99.654885,0.005275
99.671557,0.011217
99.688229,0.000000
99.704902,0.000000
99.721574,0.004635
99.738246,0.003027
99.754918,0.008198
99.771591,0.002592
99.788263,0.000000
99.804935,0.002622
99.821607,0.004922
99.838279,0.003642
99.854952,0.002252
99.871624,0.004735
99.888296,0.005191
99.904968,0.006136
99.921641,0.002880
99.938313,0.000000
99.954985,0.000651
99.971657,0.005356
99.988329,0.000000
100.005002,0.001637
100.021674,0.000000
100.038346,0.000128
100.055018,0.005675
100.071691,0.000848
100.088363,0.000206
100.105035,0.000000
100.121707,0.003313
100.138379,0.002865
100.155052,0.009603
100.171724,0.000000
100.188396,0.000973
100.205068,0.001107
100.221741,0.007002
100.238413,0.000000
100.255085,0.001239
100.271757,0.002699
100.288429,0.000828
100.305102,0.000000
100.321774,0.000862
100.338446,0.004766
100.355118,0.000000
100.371791,0.000590
100.388463,0.000000
100.405135,0.005305
100.421807,0.000000
100.438479,0.000000
100.455152,0.001674
100.471824,0.006949
100.488496,0.000000
100.505168,0.000000
100.521841,0.008351
100.538513,0.000000
100.555185,0.000000
100.571857,0.001953
100.588530,0.000000
100.605202,0.000000
100.621874,0.003144
100.638546,0.001082
100.655218,0.000000
100.671891,0.000000
100.688563,0.003873
100.705235,0.002886
100.721907,0.000000
100.738580,0.008197
100.755252,0.000000
100.771924,0.000000
100.788596,0.000000
100.805268,0.000000
100.821941,0.001080
100.838613,0.000000
100.855285,0.001563
100.871957,0.000000
100.888630,0.006409
100.905302,0.000000
100.921974,0.004960
100.938646,0.001521
100.955318,0.002028
100.971991,0.002529
100.988663,0.001987
101.005335,0.002853
101.022007,0.005900
101.038680,0.000872
101.055352,0.003147
101.072024,0.000000
101.088696,0.006393
101.105368,0.000000
101.122041,0.007995
101.138713,0.000000
101.155385,0.000000
101.172057,0.000569
101.188730,0.000000
101.205402,0.003732
101.222074,0.000000
101.238746,0.000000
101.255418,0.000000
101.272091,0.000000
101.288763,0.000000
101.305435,0.000000
101.322107,0.003376
101.338780,0.003488
101.355452,0.001889
101.372124,0.000000
101.388796,0.000000
101.405468,0.000000
101.422141,0.000000
101.438813,0.006674
101.455485,0.003895
101.472157,0.000000
101.488830,0.000119
101.505502,0.000925
101.522174,0.000000
101.538846,0.000000
101.555519,0.000000
101.572191,0.000000
101.588863,0.000000
101.605535,0.007980
101.622207,0.002845
101.638880,0.000000
101.655552,0.002542
101.672224,0.006212
101.688896,0.004105
101.705569,0.000265
101.722241,0.000000
101.738913,0.003099
101.755585,0.001747
101.772257,0.003974
101.788930,0.002820
101.805602,0.004659
101.822274,0.000000
101.838946,0.005848
101.855619,0.000877
101.872291,0.009212
101.888963,0.000000
101.905635,0.007706
101.922307,0.000879
101.938980,0.000000
101.955652,0.000000
101.972324,0.000000
101.988996,0.001887
102.005669,0.002329
102.022341,0.000000
102.039013,0.000000
102.055685,0.009551
102.072357,0.007739
102.089030,0.002053
102.105702,0.000358
102.122374,0.000837
102.139046,0.003202
102.155719,0.000000
102.172391,0.000000
102.189063,0.000000
102.205735,0.004260
102.222407,0.006471
102.239080,0.002971
102.255752,0.014138
102.272424,0.004384
102.289096,0.006770
102.305769,0.018616
102.322441,0.027644
102.339113,0.036979
102.355785,0.035174
102.372457,0.050923
102.389130,0.056056
102.405802,0.066596
102.422474,0.083256
102.439146,0.094742
102.455819,0.097528
102.472491,0.123491
102.489163,0.134725
102.505835,0.136246
102.522508,0.149498
102.539180,0.156532
102.555852,0.159651
102.572524,0.157554
102.589196,0.155790
102.605869,0.154766
102.622541,0.153724
102.639213,0.142413
102.655885,0.128084
102.672558,0.121597
102.689230,0.093170
102.705902,0.098241
102.722574,0.072871
102.739246,0.066943
102.755919,0.052350
102.772591,0.041367
102.789263,0.043221
102.805935,0.028160
102.822608,0.025146
102.839280,0.017912
102.855952,0.015789
102.872624,0.010481
102.889296,0.001698
102.905969,0.009721
102.922641,0.001541
102.939313,0.000000
102.955985,0.000000
102.972658,0.007840
102.989330,0.004549
103.006002,0.000000
103.022674,0.000000
103.039346,0.000000
103.056019,0.009341
103.072691,0.001769
103.089363,0.001953
103.106035,0.004599
103.122708,0.001075
103.139380,0.000000
103.156052,0.000000
103.172724,0.000000
103.189396,0.000000
103.206069,0.003231
103.222741,0.000231
103.239413,0.003252
103.256085,0.000000
103.272758,0.000349
103.289430,0.000000
103.306102,0.004068
103.322774,0.001538
103.339446,0.004430
103.356119,0.000000
103.372791,0.009270
103.389463,0.000000
103.406135,0.004919
103.422808,0.000000
103.439480,0.002720
103.456152,0.000000
103.472824,0.000000
103.489496,0.008497
103.506169,0.000000
103.522841,0.000965
103.539513,0.003862
103.556185,0.002200
103.572858,0.000668
103.589530,0.001620
103.606202,0.010669
103.622874,0.000000
103.639547,0.000893
103.656219,0.004664
103.672891,0.004908
103.689563,0.005269
103.706235,0.002835
103.722908,0.000000
103.739580,0.007251
103.756252,0.000000
103.772924,0.001343
103.789597,0.000000
103.806269,0.000000
103.822941,0.001459
103.839613,0.001427
103.856285,0.001873
103.872958,0.007163
103.889630,0.002013
103.906302,0.000000
103.922974,0.004280
103.939647,0.005280
103.956319,0.000000
103.972991,0.002652
103.989663,0.003113
104.006335,0.000000
104.023008,0.006107
104.039680,0.000000
104.056352,0.000557
104.073024,0.000000
104.089697,0.000069
104.106369,0.000000
104.123041,0.000000
104.139713,0.007078
104.156385,0.000000
104.173058,0.000000
104.189730,0.000000
104.206402,0.000000
104.223074,0.000000
104.239747,0.007289
104.256419,0.004483
104.273091,0.000000
104.289763,0.009999
104.306435,0.004358
104.323108,0.000000
104.339780,0.000000
104.356452,0.010170
104.373124,0.000000
104.389797,0.000000
104.406469,0.004539
104.423141,0.010830
104.439813,0.006145
104.456485,0.002503
104.473158,0.002640
104.489830,0.003788
104.506502,0.003369
104.523174,0.001248
104.539847,0.000463
104.556519,0.000000
104.573191,0.000000
104.589863,0.000000
104.606536,0.000000
104.623208,0.000000
104.639880,0.000000
104.656552,0.000000
104.673224,0.000799
104.689897,0.006179
104.706569,0.004076
104.723241,0.000000
104.739913,0.000000
104.756586,0.004176
104.773258,0.000000
104.789930,0.000000
104.806602,0.002442
104.823274,0.000000
104.839947,0.000468
104.856619,0.000000
104.873291,0.000000
104.889963,0.001420
104.906636,0.000000
104.923308,0.001955
104.939980,0.000000
104.956652,0.002453
104.973324,0.000994
104.989997,0.006056
105.006669,0.000556
105.023341,0.000000
105.040013,0.000543
105.056686,0.002412
105.073358,0.000217
105.090030,0.000180
105.106702,0.000000
105.123374,0.000000
105.140047,0.000000
105.156719,0.007767
105.173391,0.000000
105.190063,0.000000
105.206736,0.000000
105.223408,0.003973
105.240080,0.000000
105.256752,0.005539
105.273424,0.000000
105.290097,0.001238
105.306769,0.000000
105.323441,0.009522
105.340113,0.000000
105.356786,0.001375
105.373458,0.002813
105.390130,0.001837
105.406802,0.000000
105.423474,0.000000
105.440147,0.000194
105.456819,0.000000
105.473491,0.004279
105.490163,0.009813
105.506836,0.000000
105.523508,0.000000
105.540180,0.000000
105.556852,0.011452
105.573525,0.000000
105.590197,0.007276
105.606869,0.007447
105.623541,0.000000
105.640213,0.002526
105.656886,0.007229
105.673558,0.000000
105.690230,0.000000
105.706902,0.000000
105.723575,0.000000
105.740247,0.000000
105.756919,0.000000
105.773591,0.000151
105.790263,0.000000
105.806936,0.001038
105.823608,0.000000
105.840280,0.001469
105.856952,0.003700
105.873625,0.000000
105.890297,0.001660
105.906969,0.005450
105.923641,0.000000
105.940313,0.007425
105.956986,0.001860
105.973658,0.000000
105.990330,0.000000
106.007002,0.002478
106.023675,0.000337
106.040347,0.002392
106.057019,0.000000
106.073691,0.000752
106.090363,0.000000
106.107036,0.000000
106.123708,0.000000
106.140380,0.000000
106.157052,0.005487
106.173725,0.004844
106.190397,0.002704
106.207069,0.000000
106.223741,0.000000
106.240413,0.005385
106.257086,0.000629
106.273758,0.010296
106.290430,0.001746
106.307102,0.000853
106.323775,0.000000
106.340447,0.000593
106.357119,0.000000
106.373791,0.003143
106.390463,0.004247
106.407136,0.000000
106.423808,0.000000
106.440480,0.000000
106.457152,0.002255
106.473825,0.000000
106.490497,0.000000
106.507169,0.001725
106.523841,0.011067
106.540514,0.000000
106.557186,0.003722
106.573858,0.000363
106.590530,0.000000
106.607202,0.004080
106.623875,0.000000
106.640547,0.001187
106.657219,0.001428
106.673891,0.000000
106.690564,0.004404
106.707236,0.000000
106.723908,0.000000
106.740580,0.002382
106.757252,0.000000
106.773925,0.000125
106.790597,0.000000
106.807269,0.004820
106.823941,0.002107
106.840614,0.000000
106.857286,0.003630
106.873958,0.006171
106.890630,0.002476
106.907302,0.000046
106.923975,0.000000
106.940647,0.000000
106.957319,0.000000
106.973991,0.000000
106.990664,0.000000
107.007336,0.000251
107.024008,0.002351
107.040680,0.000000
107.057352,0.002160
107.074025,0.000286
107.090697,0.000000
107.107369,0.000000
107.124041,0.000000
107.140714,0.000000
107.157386,0.002663
107.174058,0.006795
107.190730,0.005410
107.207402,0.000000
107.224075,0.006617
107.240747,0.000660
107.257419,0.000000
107.274091,0.000000
107.290764,0.000000
107.307436,0.000000
107.324108,0.000756
107.340780,0.000713
107.357452,0.000014
107.374125,0.001940
107.390797,0.005285
107.407469,0.004215
107.424141,0.000000
107.440814,0.000000
107.457486,0.004148
107.474158,0.000000
107.490830,0.000000
107.507503,0.000000
107.524175,0.000000
107.540847,0.002404
107.557519,0.003370
107.574191,0.000000
107.590864,0.000000
107.607536,0.000000
107.624208,0.001739
107.640880,0.000000
107.657553,0.000814
107.674225,0.000000
107.690897,0.002572
107.707569,0.000531
107.724241,0.000000
107.740914,0.005312
107.757586,0.000000
107.774258,0.000000
107.790930,0.000000
107.807603,0.000000
107.824275,0.000000
107.840947,0.000000
107.857619,0.007598
107.874291,0.000000
107.890964,0.000000
107.907636,0.006531
107.924308,0.000000
107.940980,0.000000
107.957653,0.004616
107.974325,0.000000
107.990997,0.008106
108.007669,0.003009
108.024341,0.000000
108.041014,0.009576
108.057686,0.000000
108.074358,0.003294
108.091030,0.001329
108.107703,0.005779
108.124375,0.006932
108.141047,0.000142
108.157719,0.000000
108.174391,0.002042
108.191064,0.000000
108.207736,0.008938
108.224408,0.000606
108.241080,0.000000
108.257753,0.000820
108.274425,0.000000
108.291097,0.000000
108.307769,0.005329
108.324441,0.000000
108.341114,0.000000
108.357786,0.002382
108.374458,0.005263
108.391130,0.003191
108.407803,0.004422
108.424475,0.000000
108.441147,0.000000
108.457819,0.006665
108.474491,0.000000
108.491164,0.000000
108.507836,0.005896
108.524508,0.002469
108.541180,0.002024
108.557853,0.009611
108.574525,0.000000
108.591197,0.004119
108.607869,0.000253
108.624542,0.001192
108.641214,0.006785
108.657886,0.002254
108.674558,0.002390
108.691230,0.004761
108.707903,0.000000
108.724575,0.000000
108.741247,0.000000
108.757919,0.000000
108.774592,0.009128
108.791264,0.000000
108.807936,0.000000
108.824608,0.000000
108.841280,0.001365
108.857953,0.003621
108.874625,0.003820
108.891297,0.000000
108.907969,0.000000
108.924642,0.001254
108.941314,0.000000
108.957986,0.007135
108.974658,0.002179
108.991330,0.003262
109.008003,0.002943
109.024675,0.005209
109.041347,0.000804
109.058019,0.000000
109.074692,0.001774
109.091364,0.000000
109.108036,0.000000
109.124708,0.002603
109.141380,0.005497
109.158053,0.000094
109.174725,0.001371
109.191397,0.007556
109.208069,0.001069
109.224742,0.011549
109.241414,0.002510
109.258086,0.000000
109.274758,0.003344
109.291430,0.001692
109.308103,0.005725
109.324775,0.002988
109.341447,0.000000
109.358119,0.000000
109.374792,0.000000
109.391464,0.000000
109.408136,0.000000
109.424808,0.002613
109.441480,0.007413
109.458153,0.001752
109.474825,0.000000
109.491497,0.001974
109.508169,0.005312
109.524842,0.000000
109.541514,0.000000
109.558186,0.000065
109.574858,0.000000
109.591531,0.002878
109.608203,0.000000
109.624875,0.001862
109.641547,0.000000
109.658219,0.000000
109.674892,0.003207
109.691564,0.000000
109.708236,0.007666
109.724908,0.000000
109.741581,0.000997
109.758253,0.004140
109.774925,0.000000
109.791597,0.000000
109.808269,0.000000
109.824942,0.005605
109.841614,0.000000
109.858286,0.011356
109.874958,0.000000
109.891631,0.000819
109.908303,0.006846
109.924975,0.008905
109.941647,0.009151
109.958319,0.005364
109.974992,0.004546
109.991664,0.002630
110.008336,0.003455
110.025008,0.000000
110.041681,0.000000
110.058353,0.000000
110.075025,0.000000
110.091697,0.000000
110.108369,0.003091
110.125042,0.004241
110.141714,0.000392
110.158386,0.006559
110.175058,0.000000
110.191731,0.000000
110.208403,0.000000
110.225075,0.000000
110.241747,0.000000
110.258419,0.000000
110.275092,0.006718
110.291764,0.002800
110.308436,0.000000
110.325108,0.008230
110.341781,0.005420
110.358453,0.002584
110.375125,0.000000
110.391797,0.000000
110.408469,0.000000
110.425142,0.004833
110.441814,0.008366
110.458486,0.006851
110.475158,0.000000
110.491831,0.000000
110.508503,0.000625
110.525175,0.000000
110.541847,0.001435
110.558520,0.000000
110.575192,0.000000
110.591864,0.000000
110.608536,0.002280
110.625208,0.000000
110.641881,0.000000
110.658553,0.000000
110.675225,0.000000
110.691897,0.007867
110.708570,0.007374
110.725242,0.000000
110.741914,0.000000
110.758586,0.002081
110.775258,0.000000
110.791931,0.001340
110.808603,0.003401
110.825275,0.005446
110.841947,0.000000
110.858620,0.000000
110.875292,0.000000
110.891964,0.000000
110.908636,0.000000
110.925308,0.001631
110.941981,0.004055
110.958653,0.000000
110.975325,0.006626
110.991997,0.000000
111.008670,0.000000
111.025342,0.000000
111.042014,0.000000
111.058686,0.003924
111.075358,0.003271
111.092031,0.000000
111.108703,0.000297
111.125375,0.002290
111.142047,0.000000
111.158720,0.000000
111.175392,0.003526
111.192064,0.000000
111.208736,0.001303
111.225408,0.000000
111.242081,0.002071
111.258753,0.000000
111.275425,0.000000
111.292097,0.005170
111.308770,0.000000
111.325442,0.000000
111.342114,0.000890
111.358786,0.005099
111.375458,0.000000
111.392131,0.000274
111.408803,0.001904
111.425475,0.003077
111.442147,0.000783
111.458820,0.000000
111.475492,0.000000
111.492164,0.000382
111.508836,0.000000
111.525509,0.000000
111.542181,0.001938
111.558853,0.004013
111.575525,0.000000
111.592197,0.000000
111.608870,0.002748
111.625542,0.009133
111.642214,0.000092
111.658886,0.000000
111.675559,0.000000
111.692231,0.006103
111.708903,0.000000
111.725575,0.000000
111.742247,0.000000
111.758920,0.000000
111.775592,0.000545
111.792264,0.007212
111.808936,0.001434
111.825609,0.000000
111.842281,0.000000
111.858953,0.000000
111.875625,0.003920
111.892297,0.000000
111.908970,0.000000
111.925642,0.014174
111.942314,0.001326
111.958986,0.000000
111.975659,0.000000
111.992331,0.005098
112.009003,0.000503
112.025675,0.000000
112.042347,0.004081
112.059020,0.000000
112.075692,0.008316
112.092364,0.004794
112.109036,0.000000
112.125709,0.005687
112.142381,0.000301
112.159053,0.003786
112.175725,0.002152
112.192397,0.000000
112.209070,0.000000
112.225742,0.004572
112.242414,0.000000
112.259086,0.000000
112.275759,0.000000
112.292431,0.001880
112.309103,0.009156
112.325775,0.000000
112.342447,0.000108
112.359120,0.006269
112.375792,0.000000
112.392464,0.002008
112.409136,0.000000
112.425809,0.001901
112.442481,0.000000
112.459153,0.004376
112.475825,0.005271
112.492497,0.011495
112.509170,0.002573
112.525842,0.001446
112.542514,0.000863
112.559186,0.000000
112.575859,0.001503
112.592531,0.000000
112.609203,0.000748
112.625875,0.005849
112.642548,0.000000
112.659220,0.005060
112.675892,0.005847
112.692564,0.000000
112.709236,0.000000
112.725909,0.000000
112.742581,0.005757
112.759253,0.000000
112.775925,0.000000
112.792598,0.000000
112.809270,0.003732
112.825942,0.002427
112.842614,0.000000
112.859286,0.000000
112.875959,0.000000
112.892631,0.000000
112.909303,0.007171
112.925975,0.000000
112.942648,0.005403
112.959320,0.006753
112.975992,0.004432
112.992664,0.000000
113.009336,0.001792
113.026009,0.000000
113.042681,0.000000
113.059353,0.001440
113.076025,0.000000
113.092698,0.005272
113.109370,0.000000
113.126042,0.000893
113.142714,0.001258
113.159386,0.000000
113.176059,0.002604
113.192731,0.000000
113.209403,0.003868
113.226075,0.000000
113.242748,0.000561
113.259420,0.008607
113.276092,0.000000
113.292764,0.000000
113.309436,0.002281
113.326109,0.000797
113.342781,0.001556
113.359453,0.002172
113.376125,0.002818
113.392798,0.004926
113.409470,0.001819
113.426142,0.000000
113.442814,0.002986
113.459486,0.008434
113.476159,0.000000
113.492831,0.000000
113.509503,0.004914
113.526175,0.000000
113.542848,0.000000
113.559520,0.003762
113.576192,0.000000
113.592864,0.000000
113.609537,0.001474
113.626209,0.000846
113.642881,0.003149
113.659553,0.000000
113.676225,0.002278
113.692898,0.000000
113.709570,0.003280
113.726242,0.002732
113.742914,0.000000
113.759587,0.004821
113.776259,0.000000
113.792931,0.003587
113.809603,0.001630
113.826275,0.008160
113.842948,0.000000
113.859620,0.000000
113.876292,0.000000
113.892964,0.000000
113.909637,0.003551
113.926309,0.000000
113.942981,0.000000
113.959653,0.000000
113.976325,0.004218
113.992998,0.007594
114.009670,0.000000
114.026342,0.000000
114.043014,0.000311
114.059687,0.005158
114.076359,0.000000
114.093031,0.001058
114.109703,0.004329
114.126375,0.002224
114.143048,0.000842
114.159720,0.004444
114.176392,0.000000
114.193064,0.003009
114.209737,0.000000
114.226409,0.000000
114.243081,0.002269
114.259753,0.006098
114.276425,0.000000
114.293098,0.004230
114.309770,0.007157
114.326442,0.005837
114.343114,0.007280
114.359787,0.003294
114.376459,0.000335
114.393131,0.000000
114.409803,0.000000
114.426475,0.000000
114.443148,0.009637
114.459820,0.000000
114.476492,0.000547
114.493164,0.002448
114.509837,0.000194
114.526509,0.007524
114.543181,0.000000
114.559853,0.000864
114.576526,0.000000
114.593198,0.000000
114.609870,0.000000
114.626542,0.000000
114.643214,0.000000
114.659887,0.000000
114.676559,0.000000
114.693231,0.000000
114.709903,0.000000
114.726576,0.003374
114.743248,0.000366
114.759920,0.000000
114.776592,0.000000
114.793264,0.000000
114.809937,0.001417
114.826609,0.005950
114.843281,0.000000
114.859953,0.000511
114.876626,0.000000
114.893298,0.002980
114.909970,0.000946
114.926642,0.000000
114.943314,0.000000
114.959987,0.000000
114.976659,0.004776
114.993331,0.000095
115.010003,0.008440
115.026676,0.000000
115.043348,0.000000
115.060020,0.000000
115.076692,0.000000
115.093364,0.000000
115.110037,0.001186
115.126709,0.002258
115.143381,0.000000
115.160053,0.003973
115.176726,0.000000
115.193398,0.000652
115.210070,0.007157
115.226742,0.003981
115.243414,0.000000
115.260087,0.000000
115.276759,0.000000
115.293431,0.000000
115.310103,0.000000
115.326776,0.000000
115.343448,0.000000
115.360120,0.000341
115.376792,0.000000
115.393464,0.000000
115.410137,0.000749
115.426809,0.001962
115.443481,0.000000
115.460153,0.006263
115.476826,0.000000
115.493498,0.000084
115.510170,0.003144
115.526842,0.001035
115.543515,0.004231
115.560187,0.001275
115.576859,0.000000
115.593531,0.001605
115.610203,0.000000
115.626876,0.000482
115.643548,0.000000
115.660220,0.000000
115.676892,0.000000
115.693565,0.000000
115.710237,0.000000
115.726909,0.000412
115.743581,0.000710
115.760253,0.000000
115.776926,0.005619
115.793598,0.000000
115.810270,0.004304
115.826942,0.001896
115.843615,0.000000
115.860287,0.007881
115.876959,0.000000
115.893631,0.004080
115.910303,0.004442
115.926976,0.000000
115.943648,0.006181
115.960320,0.000000
115.976992,0.001282
115.993665,0.001156
116.010337,0.000000
116.027009,0.003599
116.043681,0.003522
116.060353,0.000000
116.077026,0.005790
116.093698,0.000000
116.110370,0.004584
116.127042,0.005002
116.143715,0.000000
116.160387,0.000000
116.177059,0.000000
116.193731,0.000000
116.210403,0.000000
116.227076,0.003461
116.243748,0.005817
116.260420,0.006196
116.277092,0.000000
116.293765,0.000000
116.310437,0.000000
116.327109,0.000000
116.343781,0.004283
116.360453,0.007172
116.377126,0.000000
116.393798,0.000000
116.410470,0.000000
116.427142,0.001244
116.443815,0.000000
116.460487,0.001882
116.477159,0.000000
116.493831,0.000000
116.510504,0.002425
116.527176,0.000029
116.543848,0.000000
116.560520,0.000000
116.577192,0.000000
116.593865,0.000000
116.610537,0.000000
116.627209,0.007097
116.643881,0.002490
116.660554,0.000000
116.677226,0.003094
116.693898,0.000000
116.710570,0.005208
116.727242,0.001641
116.743915,0.000000
116.760587,0.001987
116.777259,0.000000
116.793931,0.000000
116.810604,0.000000
116.827276,0.000635
116.843948,0.007691
116.860620,0.009905
116.877292,0.002832
116.893965,0.002223
116.910637,0.000000
116.927309,0.000000
116.943981,0.000000
116.960654,0.000000
116.977326,0.000000
116.993998,0.000000
117.010670,0.000000
117.027342,0.003320
117.044015,0.000000
117.060687,0.001062
117.077359,0.009207
117.094031,0.000000
117.110704,0.000000
117.127376,0.000000
117.144048,0.004887
117.160720,0.008693
117.177392,0.000000
117.194065,0.002205
117.210737,0.000000
117.227409,0.000000
117.244081,0.011738
117.260754,0.000000
117.277426,0.001126
117.294098,0.002076
117.310770,0.004820
117.327442,0.000435
117.344115,0.001367
117.360787,0.000000
117.377459,0.001195
117.394131,0.000000
117.410804,0.002759
117.427476,0.000000
117.444148,0.001674
117.460820,0.000000
117.477492,0.004999
117.494165,0.000000
117.510837,0.000000
117.527509,0.005602
117.544181,0.000000
117.560854,0.000000
117.577526,0.000000
117.594198,0.006101
117.610870,0.000000
117.627543,0.013929
117.644215,0.004688
117.660887,0.000991
117.677559,0.000000
117.694231,0.001268
117.710904,0.002313
117.727576,0.002864
117.744248,0.002466
117.760920,0.000398
117.777593,0.000000
117.794265,0.000000
117.810937,0.000000
117.827609,0.005033
117.844281,0.002635
117.860954,0.000000
117.877626,0.002912
117.894298,0.000864
117.910970,0.000000
117.927643,0.000000
117.944315,0.004990
117.960987,0.004206
117.977659,0.000000
117.994331,0.001807
118.011004,0.000000
118.027676,0.000000
118.044348,0.000000
118.061020,0.003828
118.077693,0.004231
118.094365,0.002278
118.111037,0.003219
118.127709,0.002291
118.144381,0.000000
118.161054,0.001917
118.177726,0.003553
118.194398,0.003348
118.211070,0.005278
118.227743,0.003144
118.244415,0.001560
118.261087,0.004750
118.277759,0.000000
118.294431,0.000000
118.311104,0.000000
118.327776,0.000000
118.344448,0.000000
118.361120,0.000000
118.377793,0.000000
118.394465,0.000000
118.411137,0.000000
118.427809,0.000947
118.444481,0.000005
118.461154,0.000000
118.477826,0.002926
118.494498,0.004162
118.511170,0.000000
118.527843,0.000000
118.544515,0.000000
118.561187,0.000000
118.577859,0.003682
118.594532,0.000000
118.611204,0.000000
118.627876,0.000000
118.644548,0.002821
118.661220,0.000000
118.677893,0.000266
118.694565,0.001231
118.711237,0.006040
118.727909,0.000000
118.744582,0.000000
118.761254,0.000816
118.777926,0.007993
118.794598,0.005500
118.811270,0.000931
118.827943,0.000000
118.844615,0.003583
118.861287,0.000000
118.877959,0.002115
118.894632,0.002244
118.911304,0.004706
118.927976,0.012250
118.944648,0.001742
118.961320,0.000000
118.977993,0.000000
118.994665,0.000000
119.011337,0.000000
119.028009,0.000000
119.044682,0.000000
119.061354,0.000676
119.078026,0.000000
119.094698,0.004976
119.111370,0.000001
119.128043,0.000000
119.144715,0.000000
119.161387,0.000689
119.178059,0.003663
119.194732,0.000000
119.211404,0.000000
119.228076,0.000000
119.244748,0.000000
119.261420,0.000000
119.278093,0.000000
119.294765,0.003881
119.311437,0.001166
119.328109,0.000859
119.344782,0.003777
119.361454,0.000000
119.378126,0.001733
119.394798,0.000000
119.411470,0.001178
119.428143,0.000000
119.444815,0.000000
119.461487,0.000000
119.478159,0.006316
119.494832,0.004112
119.511504,0.004285
119.528176,0.005487
119.544848,0.000394
119.561521,0.000876
119.578193,0.000000
119.594865,0.000000
119.611537,0.002733
119.628209,0.005344
119.644882,0.000000
119.661554,0.000000
119.678226,0.000002
119.694898,0.002669
119.711571,0.000000
119.728243,0.000000
119.744915,0.000000
119.761587,0.000000
119.778259,0.000000
119.794932,0.000000
119.811604,0.000000
119.828276,0.006448
119.844948,0.001450
119.861621,0.001334
119.878293,0.002762
119.894965,0.000000
119.911637,0.004613
119.928309,0.000000
119.944982,0.002976
119.961654,0.000000
119.978326,0.000000
119.994998,0.003631
120.011671,0.001671
120.028343,0.000000
120.045015,0.000000
120.061687,0.004996
120.078359,0.000000
120.095032,0.007292
120.111704,0.000000
120.128376,0.002834
120.145048,0.000000
120.161721,0.002678
120.178393,0.000000
120.195065,0.000000
120.211737,0.000182
120.228409,0.000000
120.245082,0.003289
120.261754,0.000000
120.278426,0.000000
120.295098,0.000000
120.311771,0.000000
120.328443,0.000000
120.345115,0.010710
120.361787,0.003483
120.378459,0.000000
120.395132,0.000000
120.411804,0.000100
120.428476,0.002429
120.445148,0.000000
120.461821,0.004947
120.478493,0.003176
120.495165,0.003188
120.511837,0.001946
120.528510,0.000087
120.545182,0.002987
120.561854,0.002627
120.578526,0.000000
120.595198,0.000000
120.611871,0.000452
120.628543,0.006876
120.645215,0.000000
120.661887,0.000000
120.678560,0.000731
120.695232,0.000226
120.711904,0.000769
120.728576,0.001083
120.745248,0.000000
120.761921,0.006614
120.778593,0.000000
120.795265,0.000000
120.811937,0.000000
120.828610,0.000000
120.845282,0.000000
120.861954,0.007375
120.878626,0.000093
120.895298,0.001024
120.911971,0.000000
120.928643,0.000000
120.945315,0.000000
120.961987,0.000000
120.978660,0.005699
120.995332,0.002494
121.012004,0.000000
121.028676,0.001150
121.045348,0.002309
121.062021,0.005226
121.078693,0.007291
121.095365,0.000000
121.112037,0.000000
121.128710,0.000000
121.145382,0.000753
121.162054,0.004813
121.178726,0.008511
121.195398,0.005771
121.212071,0.007465
121.228743,0.013376
121.245415,0.014146
121.262087,0.033942
121.278760,0.026365
121.295432,0.045548
121.312104,0.067686
121.328776,0.075766
121.345448,0.095207
121.362121,0.118161
121.378793,0.145954
121.395465,0.182894
121.412137,0.199561
121.428810,0.250558
121.445482,0.272627
121.462154,0.312622
121.478826,0.345119
121.495498,0.379857
121.512171,0.396038
121.528843,0.425532
121.545515,0.446289
121.562187,0.437857
121.578860,0.443804
121.595532,0.431574
121.612204,0.420877
121.628876,0.397239
121.645549,0.367220
121.662221,0.341139
121.678893,0.313229
121.695565,0.269312
121.712237,0.238262
121.728910,0.195319
121.745582,0.164806
121.762254,0.141823
121.778926,0.120115
121.795599,0.092252
121.812271,0.069801
121.828943,0.054942
121.845615,0.036136
121.862287,0.033774
121.878960,0.026711
121.895632,0.014421
121.912304,0.009552
121.928976,0.009286
121.945649,0.003610
121.962321,0.003441
121.978993,0.011791
121.995665,0.000510
122.012337,0.000000
122.029010,0.000000
122.045682,0.003702
122.062354,0.000000
122.079026,0.000000
122.095699,0.005950
122.112371,0.006351
122.129043,0.000000
122.145715,0.000000
122.162387,0.004481
122.179060,0.000000
122.195732,0.003512
122.212404,0.000000
122.229076,0.003963
122.245749,0.000000
122.262421,0.003244
122.279093,0.000063
122.295765,0.000000
122.312437,0.000000
122.329110,0.003047
122.345782,0.000470
122.362454,0.002594
122.379126,0.008774
122.395799,0.000000
122.412471,0.007179
122.429143,0.000463
122.445815,0.000000
122.462487,0.000000
122.479160,0.000000
122.495832,0.004091
122.512504,0.000000
122.529176,0.006708
122.545849,0.000000
122.562521,0.000000
122.579193,0.000000
122.595865,0.001614
122.612538,0.003937
122.629210,0.000000
122.645882,0.000000
122.662554,0.000883
122.679226,0.001939
122.695899,0.001795
122.712571,0.005486
122.729243,0.000000
122.745915,0.003020
122.762588,0.005294
122.779260,0.000000
122.795932,0.001419
122.812604,0.000000
122.829276,0.000000
122.845949,0.001543
122.862621,0.000000
122.879293,0.000000
122.895965,0.000152
122.912638,0.000000
122.929310,0.000000
122.945982,0.003016
122.962654,0.000000
122.979326,0.002958
122.995999,0.002053
123.012671,0.000000
123.029343,0.000000
123.046015,0.005301
123.062688,0.000000
123.079360,0.000000
123.096032,0.002051
123.112704,0.003478
123.129376,0.000000
123.146049,0.000000
123.162721,0.006314
123.179393,0.007719
123.196065,0.004345
123.212738,0.000379
123.229410,0.000000
123.246082,0.000000
123.262754,0.002319
123.279426,0.001857
123.296099,0.006222
123.312771,0.002887
123.329443,0.000000
123.346115,0.004670
123.362788,0.000000
123.379460,0.000000
123.396132,0.001111
123.412804,0.008859
123.429476,0.013805
123.446149,0.002693
123.462821,0.000000
123.479493,0.002373
123.496165,0.003940
123.512838,0.000000
123.529510,0.007969
123.546182,0.001021
123.562854,0.002210
123.579527,0.002956
123.596199,0.001871
123.612871,0.003724
123.629543,0.000000
123.646215,0.000000
123.662888,0.000000
123.679560,0.001951
123.696232,0.003458
123.712904,0.002032
123.729577,0.007433
123.746249,0.000000
123.762921,0.002969
123.779593,0.000000
123.796265,0.000000
123.812938,0.003088
123.829610,0.003769
123.846282,0.000000
123.862954,0.000000
123.879627,0.000000
123.896299,0.000000
123.912971,0.003952
123.929643,0.002553
123.946315,0.002222
123.962988,0.000221
123.979660,0.000031
123.996332,0.000000
124.013004,0.003102
124.029677,0.001869
124.046349,0.002184
124.063021,0.000000
124.079693,0.000000
124.096365,0.004870
124.113038,0.000000
124.129710,0.000000
124.146382,0.003078
124.163054,0.000000
124.179727,0.004705
124.196399,0.002739
124.213071,0.003034
124.229743,0.000000
124.246415,0.005380
124.263088,0.001160
124.279760,0.000000
124.296432,0.000637
124.313104,0.000000
124.329777,0.001814
124.346449,0.000000
124.363121,0.000000
124.379793,0.000000
124.396465,0.004939
124.413138,0.000000
124.429810,0.006808
124.446482,0.000000
124.463154,0.000000
124.479827,0.000000
124.496499,0.005486
124.513171,0.000000
124.529843,0.000000
124.546516,0.000710
124.563188,0.002227
124.579860,0.004960
124.596532,0.006430
124.613204,0.000000
124.629877,0.000000
124.646549,0.000000
124.663221,0.001155
124.679893,0.000000
124.696566,0.000000
124.713238,0.001526
124.729910,0.000000
124.746582,0.000146
124.763254,0.000000
124.779927,0.000000
124.796599,0.000000
124.813271,0.003952
124.829943,0.004596
124.846616,0.000000
124.863288,0.000000
124.879960,0.000000
124.896632,0.000000
124.913304,0.000000
124.929977,0.000000
124.946649,0.000000
124.963321,0.000000
124.979993,0.000920
124.996666,0.000308
125.013338,0.000000
125.030010,0.000785
125.046682,0.000000
125.063354,0.000000
125.080027,0.007429
125.096699,0.005950
125.113371,0.000000
125.130043,0.003683
125.146716,0.003602
125.163388,0.000000
125.180060,0.003635
125.196732,0.006827
125.213404,0.000000
125.230077,0.000000
125.246749,0.004517
125.263421,0.001205
125.280093,0.002448
125.296766,0.001512
125.313438,0.001734
125.330110,0.000000
125.346782,0.004649
125.363454,0.005192
125.380127,0.000000
125.396799,0.000000
125.413471,0.000000
125.430143,0.002283
125.446816,0.002539
125.463488,0.000000
125.480160,0.004991
125.496832,0.000000
125.513505,0.002506
125.530177,0.000000
125.546849,0.000000
125.563521,0.000000
125.580193,0.001000
125.596866,0.000000
125.613538,0.000000
125.630210,0.003667
125.646882,0.000000
125.663555,0.000000
125.680227,0.007767
125.696899,0.006132
125.713571,0.000000
125.730243,0.003062
125.746916,0.000000
125.763588,0.001170
125.780260,0.001306
125.796932,0.000000
125.813605,0.000000
125.830277,0.000000
125.846949,0.000000
125.863621,0.000000
125.880293,0.000000
125.896966,0.000000
125.913638,0.003028
125.930310,0.006602
125.946982,0.000000
125.963655,0.001063
125.980327,0.002218
125.996999,0.002095
126.013671,0.000337
126.030343,0.003297
126.047016,0.002141
126.063688,0.000000
126.080360,0.003858
126.097032,0.003939
126.113705,0.000000
126.130377,0.000168
126.147049,0.003033
126.163721,0.000000
126.180393,0.004763
126.197066,0.010493
126.213738,0.000000
126.230410,0.000000
126.247082,0.001349
126.263755,0.003203
126.280427,0.000000
126.297099,0.006451
126.313771,0.000000
126.330443,0.003076
126.347116,0.000000
126.363788,0.007632
126.380460,0.008845
126.397132,0.000000
126.413805,0.000000
126.430477,0.003816
126.447149,0.000000
126.463821,0.000000
126.480493,0.000113
126.497166,0.000000
126.513838,0.000000
126.530510,0.000000
126.547182,0.000000
126.563855,0.006408
126.580527,0.000000
126.597199,0.003610
126.613871,0.000000
126.630544,0.000000
126.647216,0.003509
126.663888,0.001510
126.680560,0.002533
126.697232,0.004298
126.713905,0.000000
126.730577,0.000000
126.747249,0.000000
126.763921,0.000000
126.780594,0.013091
126.797266,0.005525
126.813938,0.000000
126.830610,0.000000
126.847282,0.002139
126.863955,0.002429
126.880627,0.002437
126.897299,0.000000
126.913971,0.000000
126.930644,0.001455
126.947316,0.000381
126.963988,0.000000
126.980660,0.000000
126.997332,0.000000
127.014005,0.000778
127.030677,0.013252
127.047349,0.001631
127.064021,0.000000
127.080694,0.004092
127.097366,0.002143
127.114038,0.001865
127.130710,0.002694
127.147382,0.009129
127.164055,0.000000
127.180727,0.002102
127.197399,0.000000
127.214071,0.002466
127.230744,0.000000
127.247416,0.000000
127.264088,0.000000
127.280760,0.004332
127.297432,0.004077
127.314105,0.000000
127.330777,0.000244
127.347449,0.000000
127.364121,0.000000
127.380794,0.000000
127.397466,0.000000
127.414138,0.010772
127.430810,0.001922
127.447482,0.000000
127.464155,0.000000
127.480827,0.004534
127.497499,0.009271
127.514171,0.000000
127.530844,0.000000
127.547516,0.008305
127.564188,0.001730
127.580860,0.000000
127.597533,0.002373
127.614205,0.000000
127.630877,0.000015
127.647549,0.001455
127.664221,0.004103
127.680894,0.000000
127.697566,0.000380
127.714238,0.000000
127.730910,0.001134
127.747583,0.000000
127.764255,0.000000
127.780927,0.000000
127.797599,0.002890
127.814271,0.003811
127.830944,0.000000
127.847616,0.000170
127.864288,0.000000
127.880960,0.000000
127.897633,0.000000
127.914305,0.011634
127.930977,0.000000
127.947649,0.006500
127.964321,0.004425
127.980994,0.001246
127.997666,0.007807
128.014338,0.001652
128.031010,0.001728
128.047683,0.000000
128.064355,0.005432
128.081027,0.004867
128.097699,0.000000
128.114371,0.000000
128.131044,0.000000
128.147716,0.000000
128.164388,0.000000
128.181060,0.005493
128.197733,0.000000
128.214405,0.000000
128.231077,0.000258
128.247749,0.003766
128.264421,0.000000
128.281094,0.000000
128.297766,0.000938
128.314438,0.005327
128.331110,0.000000
128.347783,0.000000
128.364455,0.002751
128.381127,0.000000
128.397799,0.000000
128.414471,0.000000
128.431144,0.000000
128.447816,0.000000
128.464488,0.000000
128.481160,0.003982
128.497833,0.005659
128.514505,0.002892
128.531177,0.000000
128.547849,0.000000
128.564522,0.000000
128.581194,0.002658
128.597866,0.002967
128.614538,0.000000
128.631210,0.000364
128.647883,0.002030
128.664555,0.006463
128.681227,0.003127
128.697899,0.003503
128.714572,0.000372
128.731244,0.006261
128.747916,0.001819
128.764588,0.000000
128.781260,0.006230
128.797933,0.003098
128.814605,0.000000
128.831277,0.000000
128.847949,0.001317
128.864622,0.002056
128.881294,0.000876
128.897966,0.001382
128.914638,0.007546
128.931310,0.004757
128.947983,0.000846
128.964655,0.004179
128.981327,0.000000
128.997999,0.001766
129.014672,0.008032
129.031344,0.000000
129.048016,0.000000
129.064688,0.000000
129.081360,0.000000
129.098033,0.000000
129.114705,0.000000
129.131377,0.000000
129.148049,0.000069
129.164722,0.004005
129.181394,0.000000
129.198066,0.006744
129.214738,0.002267
129.231410,0.004575
129.248083,0.000000
129.264755,0.003793
129.281427,0.000000
129.298099,0.003952
129.314772,0.000763
129.331444,0.002456
129.348116,0.000000
129.364788,0.000000
129.381460,0.002651
129.398133,0.000000
129.414805,0.002056
129.431477,0.000000
129.448149,0.003765
129.464822,0.000000
129.481494,0.002452
129.498166,0.002777
129.514838,0.000000
129.531511,0.002584
129.548183,0.001156
129.564855,0.000000
129.581527,0.000000
129.598199,0.000000
129.614872,0.001552
129.631544,0.000000
129.648216,0.000423
129.664888,0.000000
129.681561,0.003015
129.698233,0.000000
129.714905,0.000000
129.731577,0.003249
129.748249,0.001487
129.764922,0.001403
129.781594,0.002083
129.798266,0.000000
129.814938,0.003359
129.831611,0.002719
129.848283,0.000000
129.864955,0.000000
129.881627,0.000000
129.898299,0.000000
129.914972,0.001482
129.931644,0.006354
129.948316,0.004802
129.964988,0.000000
129.981661,0.002761
129.998333,0.005899
130.015005,0.001717
130.031677,0.004843
130.048349,0.008933
130.065022,0.004544
130.081694,0.001107
130.098366,0.004639
130.115038,0.000643
130.131711,0.000106
130.148383,0.000000
130.165055,0.006940
130.181727,0.000000
130.198399,0.006802
130.215072,0.002219
130.231744,0.000000
130.248416,0.001632
130.265088,0.000000
130.281761,0.002777
130.298433,0.003930
130.315105,0.000000
130.331777,0.000548
130.348449,0.008675
130.365122,0.000000
130.381794,0.000000
130.398466,0.006577
130.415138,0.008712
130.431811,0.000016
130.448483,0.004490
130.465155,0.005955
130.481827,0.000000
130.498499,0.000000
130.515172,0.005464
130.531844,0.007480
130.548516,0.002499
130.565188,0.000000
130.581861,0.008821
130.598533,0.000000
130.615205,0.000000
130.631877,0.001520
130.648550,0.006899
130.665222,0.003791
130.681894,0.001842
130.698566,0.002057
130.715238,0.000193
130.731911,0.002478
130.748583,0.000000
130.765255,0.000000
130.781927,0.001071
130.798600,0.000000
130.815272,0.001715
130.831944,0.000000
130.848616,0.007793
130.865288,0.006983
130.881961,0.000000
130.898633,0.000000
130.915305,0.000000
130.931977,0.000000
130.948650,0.000866
130.965322,0.000000
130.981994,0.000000
130.998666,0.002764
131.015338,0.002795
131.032011,0.000000
131.048683,0.003975
131.065355,0.000000
131.082027,0.001124
131.098700,0.003642
131.115372,0.000000
131.132044,0.002019
131.148716,0.000000
131.165388,0.000000
131.182061,0.000000
131.198733,0.000000
131.215405,0.000000
131.232077,0.000000
131.248750,0.000000
131.265422,0.000000
131.282094,0.000000
131.298766,0.000000
131.315438,0.000000
131.332111,0.002128
131.348783,0.003882
131.365455,0.000000
131.382127,0.000000
131.398800,0.000000
131.415472,0.000000
131.432144,0.000000
131.448816,0.000000
131.465488,0.000000
131.482161,0.000000
131.498833,0.000805
131.515505,0.002641
131.532177,0.000000
131.548850,0.000000
131.565522,0.000000
131.582194,0.000000
131.598866,0.000000
131.615539,0.002544
131.632211,0.000000
131.648883,0.000000
131.665555,0.001337
131.682227,0.000816
131.698900,0.011955
131.715572,0.001553
131.732244,0.000000
131.748916,0.000000
131.765589,0.000000
131.782261,0.000000
131.798933,0.000000
131.815605,0.004063
131.832277,0.000000
131.848950,0.000000
131.865622,0.000000
131.882294,0.007719
131.898966,0.000000
131.915639,0.008135
131.932311,0.003614
131.948983,0.002140
131.965655,0.001637
131.982327,0.001748
131.999000,0.000000
132.015672,0.000000
132.032344,0.003752
132.049016,0.000000
132.065689,0.000000
132.082361,0.000000
132.099033,0.007565
132.115705,0.005535
132.132377,0.000000
132.149050,0.004224
132.165722,0.000000
132.182394,0.000000
132.199066,0.000000
132.215739,0.006938
132.232411,0.000000
132.249083,0.000000
132.265755,0.000000
132.282427,0.008453
132.299100,0.007218
132.315772,0.009849
132.332444,0.000000
132.349116,0.001312
132.365789,0.000000
132.382461,0.006556
132.399133,0.000000
132.415805,0.000962
132.432477,0.000000
132.449150,0.000000
132.465822,0.000000
132.482494,0.000000
132.499166,0.000000
132.515839,0.000000
132.532511,0.003699
132.549183,0.000000
132.565855,0.000979
132.582528,0.005407
132.599200,0.000000
132.615872,0.000000
132.632544,0.000000
132.649216,0.005237
132.665889,0.000862
132.682561,0.000000
132.699233,0.002148
132.715905,0.000000
132.732578,0.003025
132.749250,0.001814
132.765922,0.000000
132.782594,0.000000
132.799266,0.000000
132.815939,0.002374
132.832611,0.005456
132.849283,0.000000
132.865955,0.002035
132.882628,0.000000
132.899300,0.000000
132.915972,0.000000
132.932644,0.000000
132.949316,0.000000
132.965989,0.000000
132.982661,0.001297
132.999333,0.000000
133.016005,0.000000
133.032678,0.000000
133.049350,0.000000
133.066022,0.002032
133.082694,0.000000
133.099366,0.000000
133.116039,0.000000
133.132711,0.006163
133.149383,0.000000
133.166055,0.001700
133.182728,0.000627
133.199400,0.000000
133.216072,0.003410
133.232744,0.000956
133.249416,0.002256
133.266089,0.017429
133.282761,0.000000
133.299433,0.007656
133.316105,0.000000
133.332778,0.001275
133.349450,0.000000
133.366122,0.000000
133.382794,0.000000
133.399466,0.001463
133.416139,0.000000
133.432811,0.003332
133.449483,0.000000
133.466155,0.000000
133.482828,0.000000
133.499500,0.005581
133.516172,0.000000
133.532844,0.001591
133.549517,0.000000
133.566189,0.003364
133.582861,0.003043
133.599533,0.008206
133.616205,0.000000
133.632878,0.002968
133.649550,0.000435
133.666222,0.005752
133.682894,0.000000
133.699567,0.003307
133.716239,0.000000
133.732911,0.000000
133.749583,0.000407
133.766255,0.001120
133.782928,0.000000
133.799600,0.000953
133.816272,0.007005
133.832944,0.004374
133.849617,0.003858
133.866289,0.000000
133.882961,0.000000
133.899633,0.004241
133.916305,0.003889
133.932978,0.006537
133.949650,0.000000
133.966322,0.000000
133.982994,0.000000
133.999667,0.000000
134.016339,0.004424
134.033011,0.000000
134.049683,0.002843
134.066355,0.000000
134.083028,0.001439
134.099700,0.000000
134.116372,0.000378
134.133044,0.000000
134.149717,0.000000
134.166389,0.000000
134.183061,0.005354
134.199733,0.003451
134.216405,0.002072
134.233078,0.006752
134.249750,0.000000
134.266422,0.007757
134.283094,0.004138
134.299767,0.000000
134.316439,0.005041
134.333111,0.000000
134.349783,0.000000
134.366455,0.000000
134.383128,0.000000
134.399800,0.000000
134.416472,0.005429
134.433144,0.000000
134.449817,0.001565
134.466489,0.000000
134.483161,0.000000
134.499833,0.001199
134.516506,0.000000
134.533178,0.000000
134.549850,0.000000
134.566522,0.008822
134.583194,0.004046
134.599867,0.000469
134.616539,0.005610
134.633211,0.000000
134.649883,0.002413
134.666556,0.000887
134.683228,0.001172
134.699900,0.005648
134.716572,0.003252
134.733244,0.001282
134.749917,0.000000
134.766589,0.000000
134.783261,0.000000
134.799933,0.000414
134.816606,0.000000
134.833278,0.010706
134.849950,0.006731
134.866622,0.002673
134.883294,0.000320
134.899967,0.000000
134.916639,0.000000
134.933311,0.000344
134.949983,0.001144
134.966656,0.000000
134.983328,0.001483
135.000000,0.000000
